match_id,data,casa,ospite,gol_casa_reali,gol_ospite_reali,gol_casa_baseline,gol_ospite_baseline,tiri_dentro_casa_pre,tiri_fuori_casa_pre,tiri_dentro_casa_concessi_pre,tiri_fuori_casa_concessi_pre,tiri_dentro_ospite_pre,tiri_fuori_ospite_pre,tiri_dentro_ospite_concessi_pre,tiri_fuori_ospite_concessi_pre,expected_tiri_dentro_casa,expected_tiri_dentro_ospite,expected_tiri_fuori_casa,expected_tiri_fuori_ospite,tiri_dentro_casa_reali,tiri_fuori_casa_reali,tiri_dentro_ospite_reali,tiri_fuori_ospite_reali,valido
29844,2025-08-23 16:30:00,Genoa,Lecce,0.0,0.0,1.5,1.5,0.0,0.0,0.0,0.0,0.0,0.0,0.0,0.0,0.0,0.0,0.0,0.0,2,3,5,2,False
29845,2025-08-23 16:30:00,Sassuolo,Napoli,0.0,2.0,0.25,0.25,0.0,0.0,0.0,0.0,0.0,0.0,0.0,0.0,0.0,0.0,0.0,0.0,3,4,7,6,False
29846,2025-08-23 18:45:00,Milan,Cremonese,1.0,2.0,0.5,0.5,0.0,0.0,0.0,0.0,0.0,0.0,0.0,0.0,0.0,0.0,0.0,0.0,16,8,4,0,False
29847,2025-08-23 18:45:00,Roma,Bologna,1.0,0.0,0.8333333333333334,0.8333333333333334,0.0,0.0,0.0,0.0,0.0,0.0,0.0,0.0,0.0,0.0,0.0,0.0,7,7,6,4,False
29848,2025-08-24 16:30:00,Cagliari,Fiorentina,1.0,1.0,0.75,0.75,0.0,0.0,0.0,0.0,0.0,0.0,0.0,0.0,0.0,0.0,0.0,0.0,10,4,2,2,False
29849,2025-08-24 16:30:00,Como,Lazio,2.0,0.0,0.8000000000000002,0.8000000000000002,0.0,0.0,0.0,0.0,0.0,0.0,0.0,0.0,0.0,0.0,0.0,0.0,12,7,3,2,False
29850,2025-08-24 18:45:00,Atalanta,Pisa,1.0,1.0,0.8333333333333334,0.8333333333333334,0.0,0.0,0.0,0.0,0.0,0.0,0.0,0.0,0.0,0.0,0.0,0.0,14,8,7,4,False
29851,2025-08-24 18:45:00,Juventus,Parma,2.0,0.0,0.8571428571428571,0.8571428571428571,0.0,0.0,0.0,0.0,0.0,0.0,0.0,0.0,0.0,0.0,0.0,0.0,14,11,4,4,False
29852,2025-08-25 16:30:00,Udinese,Verona,1.0,1.0,0.875,0.875,0.0,0.0,0.0,0.0,0.0,0.0,0.0,0.0,0.0,0.0,0.0,0.0,8,6,2,7,False
29853,2025-08-25 18:45:00,Inter,Torino,5.0,0.0,0.8888888888888888,0.8888888888888888,0.0,0.0,0.0,0.0,0.0,0.0,0.0,0.0,0.0,0.0,0.0,0.0,14,6,8,4,False
29854,2025-08-29 16:30:00,Cremonese,Sassuolo,3.0,2.0,1.525,0.5125,4.0,0.0,16.0,8.0,3.0,4.0,7.0,6.0,5.5,9.5,3.0,6.0,7,4,6,3,True
29855,2025-08-29 18:45:00,Lecce,Milan,0.0,2.0,0.5909090909090909,0.5454545454545454,5.0,2.0,2.0,3.0,16.0,8.0,4.0,0.0,4.5,9.0,1.0,5.5,5,2,11,3,True
29857,2025-08-30 16:30:00,Parma,Atalanta,1.0,1.0,0.5833333333333334,1.4702380952380953,4.0,4.0,14.0,11.0,14.0,8.0,7.0,4.0,5.5,14.0,4.0,9.5,3,4,8,3,True
29856,2025-08-30 16:30:00,Bologna,Como,1.0,0.0,0.5769230769230769,1.4717948717948717,6.0,4.0,7.0,7.0,12.0,7.0,3.0,2.0,4.5,9.5,3.0,7.0,10,5,8,5,True
29858,2025-08-30 18:45:00,Pisa,Roma,0.0,1.0,1.0535714285714286,1.0025921658986174,7.0,4.0,14.0,8.0,7.0,7.0,6.0,4.0,6.5,10.5,4.0,7.5,2,5,5,5,True
29859,2025-08-30 18:45:00,Napoli,Cagliari,1.0,0.0,1.5333333333333332,0.5166666666666666,7.0,6.0,3.0,4.0,10.0,4.0,2.0,2.0,4.5,6.5,4.0,4.0,15,5,3,7,True
29860,2025-08-31 16:30:00,Genoa,Juventus,0.0,1.0,0.515625,0.7578125,2.0,3.0,5.0,2.0,14.0,11.0,4.0,4.0,3.0,9.5,3.5,6.5,6,4,8,5,True
29861,2025-08-31 16:30:00,Torino,Fiorentina,0.0,0.0,0.5,3.0,8.0,4.0,14.0,6.0,2.0,2.0,10.0,4.0,9.0,8.0,4.0,4.0,6,1,7,9,True
29862,2025-08-31 18:45:00,Inter,Udinese,1.0,2.0,2.9722222222222223,0.4861111111111111,14.0,6.0,8.0,4.0,8.0,6.0,2.0,7.0,8.0,8.0,6.5,5.0,12,4,4,6,True
29863,2025-08-31 18:45:00,Lazio,Verona,4.0,0.0,0.4868421052631579,1.5069345661450926,3.0,2.0,12.0,7.0,2.0,7.0,8.0,6.0,5.5,7.0,4.0,7.0,13,9,8,4,True
29864,2025-09-13 13:00:00,Cagliari,Parma,2.0,0.0,0.7625,0.7532012195121951,6.5,5.5,8.5,3.5,3.5,4.0,11.0,7.0,8.75,6.0,6.25,3.75,7,5,11,5,True
29865,2025-09-13 16:00:00,Juventus,Inter,4.0,3.0,1.2619047619047619,1.005952380952381,11.0,8.0,5.0,4.0,13.0,5.0,6.0,5.0,8.5,9.0,6.5,4.5,5,7,7,11,True
29866,2025-09-13 18:45:00,Fiorentina,Napoli,1.0,3.0,0.8181818181818182,0.9490909090909093,4.5,5.5,8.0,2.5,11.0,5.5,3.0,5.5,3.75,9.5,5.5,4.0,12,6,11,3,True
29867,2025-09-14 10:30:00,Roma,Torino,0.0,1.0,1.0869565217391304,0.29347826086956524,6.0,6.0,4.0,4.5,7.0,2.5,10.5,7.5,8.25,5.5,6.75,3.5,11,10,4,4,True
29869,2025-09-14 13:00:00,Atalanta,Lecce,4.0,1.0,1.0729166666666665,0.5364583333333333,11.0,5.5,5.0,4.0,5.0,2.0,6.5,3.0,8.75,5.0,4.25,3.0,12,7,4,8,True
29868,2025-09-14 13:00:00,Pisa,Udinese,0.0,1.0,0.8500000000000001,1.2375000000000003,4.5,4.5,9.5,6.5,6.0,6.0,7.0,5.5,5.75,7.75,5.0,6.25,9,3,7,6,True
29870,2025-09-14 16:00:00,Sassuolo,Lazio,1.0,0.0,1.0865384615384617,2.483843001261034,4.5,3.5,7.0,5.0,8.0,5.5,10.0,5.5,7.25,7.5,4.5,5.25,8,2,10,3,True
29871,2025-09-14 18:45:00,Milan,Bologna,1.0,0.0,1.324074074074074,0.7709080047789724,13.5,5.5,4.5,1.0,8.0,4.5,7.5,6.0,10.5,6.25,5.75,2.75,10,4,2,3,True
29872,2025-09-15 16:30:00,Verona,Cremonese,0.0,0.0,0.8125,2.920138888888889,5.0,5.5,10.5,7.5,5.5,2.0,11.0,5.5,8.0,8.0,5.5,4.75,12,8,2,4,True
29873,2025-09-15 18:45:00,Como,Genoa,1.0,1.0,1.043103448275862,0.39655172413793105,10.0,6.0,6.5,3.5,4.0,3.5,6.5,3.5,8.25,5.25,4.75,3.5,6,7,9,3,True
29882,2025-09-19 18:45:00,Lecce,Cagliari,1.0,2.0,0.7083333333333333,1.4823717948717947,4.666666666666667,4.0,8.333333333333334,4.333333333333333,6.666666666666667,5.333333333333333,9.333333333333334,4.0,7.0,7.5,4.0,4.833333333333333,8,3,13,2,True
29877,2025-09-20 13:00:00,Bologna,Genoa,2.0,1.0,0.7150537634408601,0.5748471431583385,6.0,4.0,8.333333333333334,5.333333333333333,5.666666666666667,3.3333333333333335,6.333333333333333,4.666666666666667,6.166666666666666,7.0,4.333333333333334,4.333333333333333,11,3,5,2,True
29876,2025-09-20 16:00:00,Verona,Juventus,1.0,1.0,0.7213541666666666,2.153713077073553,7.333333333333333,6.333333333333333,7.666666666666667,6.333333333333333,9.0,7.666666666666667,5.666666666666667,6.333333333333333,6.5,8.333333333333334,6.333333333333333,7.0,7,7,6,4,True
29875,2025-09-20 18:45:00,Udinese,Milan,0.0,3.0,1.2196969696969697,0.9774283935242839,6.333333333333333,6.0,7.666666666666667,4.666666666666667,12.333333333333334,5.0,3.6666666666666665,1.6666666666666667,5.0,10.0,3.8333333333333335,4.833333333333334,2,8,11,2,True
29881,2025-09-21 10:30:00,Lazio,Roma,0.0,1.0,1.2254901960784315,0.8452012383900928,8.666666666666666,4.666666666666667,9.333333333333334,4.333333333333333,7.666666666666667,7.333333333333333,4.0,4.333333333333333,6.333333333333333,8.5,4.5,5.833333333333333,6,4,12,1,True
29874,2025-09-21 13:00:00,Torino,Atalanta,0.0,3.0,0.7166666666666667,1.949242424242424,6.0,3.0,10.666666666666666,8.333333333333334,11.333333333333334,6.0,4.666666666666667,5.333333333333333,5.333333333333334,11.0,4.166666666666666,7.166666666666667,5,6,8,1,True
29878,2025-09-21 13:00:00,Cremonese,Parma,0.0,0.0,1.3888888888888888,0.6861111111111111,4.333333333333333,2.6666666666666665,11.333333333333334,6.333333333333333,6.0,4.333333333333333,9.666666666666666,6.333333333333333,7.0,8.666666666666668,4.5,5.333333333333333,2,1,10,5,True
29879,2025-09-21 16:00:00,Fiorentina,Como,1.0,2.0,0.8738738738738738,1.161936936936937,7.0,5.666666666666667,9.0,2.6666666666666665,8.666666666666666,6.333333333333333,7.333333333333333,3.3333333333333335,7.166666666666666,8.833333333333332,4.5,4.5,3,5,10,9,True
29880,2025-09-21 18:45:00,Inter,Sassuolo,2.0,1.0,2.0460526315789473,1.4808576410906784,11.0,7.0,5.666666666666667,5.666666666666667,5.666666666666667,3.0,8.0,4.333333333333333,9.5,5.666666666666667,5.666666666666666,4.333333333333334,16,4,5,5,True
29883,2025-09-22 18:45:00,Napoli,Pisa,3.0,2.0,1.5512820512820513,0.4675014907573047,11.0,4.666666666666667,6.0,5.666666666666667,6.0,4.0,8.666666666666666,6.333333333333333,9.833333333333332,6.0,5.5,4.833333333333334,11,7,11,4,True
29885,2025-09-27 13:00:00,Como,Cremonese,1.0,1.0,1.19375,0.9904189560439561,9.0,7.0,6.25,3.75,3.75,2.25,11.0,6.0,10.0,5.0,6.5,3.0,7,7,5,4,True
29887,2025-09-27 16:00:00,Juventus,Atalanta,1.0,1.0,1.5670731707317072,1.5920043273013371,8.25,6.75,6.0,6.5,10.5,4.75,4.75,5.5,6.5,8.25,6.125,5.625,11,13,6,6,True
29884,2025-09-27 18:45:00,Cagliari,Inter,0.0,2.0,1.1904761904761905,1.6136591478696742,8.25,4.5,9.0,3.75,12.25,6.25,5.5,5.5,6.875,10.625,5.0,5.0,5,1,15,5,True
29893,2025-09-28 10:30:00,Sassuolo,Udinese,3.0,1.0,1.0639534883720931,1.357363342124191,5.5,3.5,10.0,4.25,5.25,6.5,8.5,4.0,7.0,7.625,3.75,5.375,8,3,6,6,True
29891,2025-09-28 13:00:00,Pisa,Fiorentina,0.0,0.0,0.9488636363636364,1.0944813231323132,7.25,4.0,9.25,6.5,6.0,5.5,9.25,4.25,8.25,7.625,4.125,6.0,9,2,8,6,True
29892,2025-09-28 13:00:00,Roma,Verona,2.0,0.0,0.936111111111111,0.4959020902090209,8.75,5.75,4.5,4.25,7.25,6.5,7.25,5.75,8.0,5.875,5.75,5.375,6,4,6,6,True
29888,2025-09-28 16:00:00,Lecce,Bologna,2.0,2.0,0.8097826086956522,1.3023427606585058,5.5,3.75,9.5,3.75,7.25,3.75,7.5,4.5,6.5,8.375,4.125,3.75,10,2,9,5,True
29889,2025-09-28 18:45:00,Milan,Napoli,2.0,1.0,1.4441489361702127,1.2191539073374427,12.0,4.25,3.25,3.25,11.0,5.25,7.25,5.25,9.625,7.125,4.75,4.25,5,1,12,7,True
29890,2025-09-29 16:30:00,Parma,Torino,2.0,1.0,0.6979166666666666,0.7296401515151515,7.0,4.5,7.75,5.0,5.75,3.75,10.0,6.5,8.5,6.75,5.5,4.375,6,7,8,7,True
29886,2025-09-29 18:45:00,Genoa,Lazio,0.0,3.0,0.826530612244898,1.0050794654144843,5.5,3.0,7.5,4.25,8.0,4.5,10.0,3.5,7.75,7.75,3.25,4.375,9,8,8,1,True
29903,2025-10-03 18:45:00,Verona,Sassuolo,0.0,1.0,0.78,1.5227586206896548,7.0,6.4,7.0,5.4,6.0,3.4,9.2,4.6,8.1,6.5,5.5,4.4,9,8,6,5,True
29901,2025-10-04 13:00:00,Parma,Lecce,0.0,1.0,0.8735294117647058,0.995995475113122,6.8,5.0,7.8,5.4,6.4,3.4,9.4,4.0,8.1,7.1,4.5,4.4,6,3,4,3,True
29899,2025-10-04 13:00:00,Lazio,Torino,3.0,3.0,1.2673076923076922,0.6541623207301173,8.0,3.8,9.8,4.4,6.2,4.4,9.2,6.6,8.6,8.0,5.199999999999999,4.4,4,5,9,7,True
29897,2025-10-04 16:00:00,Inter,Cremonese,4.0,1.0,1.8849056603773584,1.3014850882531952,12.8,6.0,5.4,4.6,4.0,2.6,10.2,6.2,11.5,4.7,6.1,3.5999999999999996,16,11,1,2,True
29894,2025-10-04 18:45:00,Atalanta,Como,1.0,1.0,1.5972222222222223,0.9995413436692506,9.6,5.0,6.0,7.0,8.6,7.0,6.0,3.8,7.8,7.3,4.4,7.0,8,8,8,4,True
29902,2025-10-05 10:30:00,Udinese,Cagliari,1.0,1.0,1.0954545454545455,1.2836051353226925,5.4,6.4,8.4,3.8,7.6,3.8,10.2,4.0,7.8,8.0,5.2,3.8,15,8,5,3,True
29896,2025-10-05 13:00:00,Fiorentina,Roma,1.0,2.0,0.8937499999999999,1.0995065789473684,6.4,5.6,9.2,3.8,8.2,5.4,4.8,4.6,5.6,8.7,5.1,4.6,4,7,5,3,True
29895,2025-10-05 13:00:00,Bologna,Pisa,4.0,0.0,1.0964912280701755,0.8239809081527348,7.6,4.0,8.0,4.0,7.6,3.6,9.0,6.4,8.3,7.8,5.2,3.8,15,9,2,0,True
29900,2025-10-05 16:00:00,Napoli,Genoa,2.0,1.0,1.603448275862069,0.7345812807881773,11.2,5.6,6.8,4.4,6.2,4.0,7.6,3.6,9.399999999999999,6.5,4.6,4.2,10,2,1,5,True
29898,2025-10-05 18:45:00,Juventus,Milan,0.0,0.0,1.5059322033898306,1.3742947730235864,8.8,8.0,6.0,6.4,10.6,3.6,5.0,4.0,6.9,8.3,6.0,5.0,8,4,7,6,True
29910,2025-10-18 13:00:00,Lecce,Sassuolo,0.0,0.0,1.0125,1.5141171328671328,6.0,3.3333333333333335,8.833333333333334,3.8333333333333335,6.0,3.6666666666666665,9.166666666666666,5.166666666666667,7.583333333333333,7.416666666666667,4.25,3.75,5,6,5,4,True
29912,2025-10-18 13:00:00,Pisa,Verona,0.0,0.0,0.8360655737704918,0.9115254053778643,6.666666666666667,3.0,10.0,6.833333333333333,7.333333333333333,6.666666666666667,6.833333333333333,5.333333333333333,6.75,8.666666666666666,4.166666666666666,6.75,5,2,12,3,True
29906,2025-10-18 16:00:00,Torino,Napoli,1.0,0.0,0.9932795698924733,2.269367057673509,6.666666666666667,4.833333333333333,8.333333333333334,6.333333333333333,11.0,5.0,5.833333333333333,4.5,6.25,9.666666666666668,4.666666666666666,5.666666666666666,8,4,13,9,True
29913,2025-10-18 18:45:00,Roma,Inter,0.0,1.0,1.1547619047619047,1.2839781746031746,7.666666666666667,5.0,4.666666666666667,5.0,13.333333333333334,6.833333333333333,4.666666666666667,4.166666666666667,6.166666666666667,9.0,4.583333333333334,5.916666666666666,11,4,6,6,True
29907,2025-10-19 10:30:00,Como,Juventus,2.0,0.0,1.1497395833333335,1.1423985272988506,8.5,6.5,6.333333333333333,4.5,8.666666666666666,7.333333333333333,6.166666666666667,6.333333333333333,7.333333333333334,7.5,6.416666666666666,5.916666666666666,8,4,7,8,True
29905,2025-10-19 13:00:00,Cagliari,Bologna,0.0,2.0,1.0653846153846154,1.2393249607535322,7.166666666666667,3.6666666666666665,11.0,4.666666666666667,8.833333333333334,4.833333333333333,7.0,3.3333333333333335,7.083333333333334,9.916666666666668,3.5,4.75,1,3,4,6,True
29909,2025-10-19 13:00:00,Genoa,Parma,0.0,0.0,0.8143939393939394,0.9483043522473052,5.333333333333333,4.166666666666667,8.0,3.3333333333333335,6.666666666666667,4.666666666666667,7.166666666666667,5.0,6.25,7.333333333333334,4.583333333333334,4.0,10,13,0,1,True
29904,2025-10-19 16:00:00,Atalanta,Lazio,0.0,0.0,1.472636815920398,1.2152520395783943,9.333333333333334,5.5,6.333333333333333,6.5,7.333333333333333,4.0,9.666666666666666,4.833333333333333,9.5,6.833333333333333,5.166666666666666,5.25,12,4,1,3,True
29911,2025-10-19 18:45:00,Milan,Fiorentina,2.0,1.0,1.2977941176470589,0.6416263653112252,10.0,4.0,5.5,4.0,6.0,5.833333333333333,8.5,3.6666666666666665,9.25,5.75,3.833333333333333,4.916666666666666,10,4,2,3,True
29908,2025-10-20 18:45:00,Cremonese,Udinese,1.0,1.0,1.1340579710144927,1.1613272311212817,3.5,2.5,11.166666666666666,7.0,7.0,6.666666666666667,7.833333333333333,3.6666666666666665,5.666666666666666,9.083333333333332,3.083333333333333,6.833333333333334,6,5,6,2,True
29919,2025-10-24 18:45:00,Milan,Pisa,2.0,2.0,1.3357142857142859,0.5806586270871985,10.0,4.0,5.0,3.857142857142857,6.428571428571429,2.857142857142857,10.285714285714286,6.285714285714286,10.142857142857142,5.714285714285714,5.142857142857142,3.357142857142857,8,11,3,5,True
29914,2025-10-25 13:00:00,Udinese,Lecce,3.0,2.0,1.056338028169014,1.0431522225577698,6.857142857142857,6.0,7.571428571428571,3.857142857142857,5.857142857142857,3.7142857142857144,8.285714285714286,3.857142857142857,7.571428571428571,6.7142857142857135,4.928571428571429,3.7857142857142856,8,0,2,11,True
29921,2025-10-25 13:00:00,Parma,Como,0.0,0.0,0.7802579365079365,1.1383761198753533,5.714285714285714,4.142857142857143,7.571428571428571,6.142857142857143,8.428571428571429,6.142857142857143,6.428571428571429,5.0,6.071428571428571,8.0,4.571428571428571,6.142857142857143,6,4,3,3,True
29920,2025-10-25 16:00:00,Napoli,Inter,3.0,1.0,1.4153620352250489,1.7477774242733484,11.285714285714286,5.571428571428571,6.142857142857143,4.428571428571429,12.285714285714286,6.714285714285714,5.571428571428571,4.142857142857143,8.428571428571429,9.214285714285715,4.857142857142858,5.571428571428571,3,4,9,6,True
29916,2025-10-25 18:45:00,Cremonese,Atalanta,1.0,1.0,1.1356177606177607,1.4440156504420834,3.857142857142857,2.857142857142857,10.428571428571429,6.285714285714286,9.714285714285714,5.285714285714286,5.571428571428571,6.0,4.714285714285714,10.071428571428571,4.428571428571429,5.785714285714286,4,5,11,9,True
29923,2025-10-26 10:30:00,Torino,Genoa,2.0,1.0,0.9919047619047618,1.0297043432757718,6.857142857142857,4.714285714285714,9.0,6.714285714285714,6.0,5.428571428571429,6.857142857142857,3.0,6.857142857142857,7.5,3.857142857142857,6.071428571428571,9,4,8,4,True
29915,2025-10-26 13:00:00,Verona,Cagliari,2.0,2.0,0.7086466165413534,1.0620831563959734,8.0,6.142857142857143,6.571428571428571,4.857142857142857,6.285714285714286,3.5714285714285716,10.0,4.857142857142857,9.0,6.428571428571429,5.5,4.214285714285714,7,3,3,4,True
29922,2025-10-26 13:00:00,Sassuolo,Roma,0.0,1.0,1.1428571428571428,1.0714285714285714,5.857142857142857,3.7142857142857144,8.571428571428571,5.285714285714286,8.142857142857142,4.857142857142857,4.857142857142857,5.142857142857143,5.357142857142857,8.357142857142858,4.428571428571429,5.071428571428571,7,4,10,5,True
29917,2025-10-26 16:00:00,Fiorentina,Bologna,2.0,2.0,0.9244505494505495,1.5282923795332997,5.428571428571429,5.428571428571429,8.714285714285714,3.7142857142857144,8.142857142857142,5.0,6.142857142857143,3.2857142857142856,5.7857142857142865,8.428571428571427,4.357142857142858,4.357142857142858,15,4,4,2,True
29918,2025-10-26 18:45:00,Lazio,Juventus,1.0,0.0,1.2870705244122966,1.1384050333190132,6.428571428571429,3.857142857142857,10.0,4.714285714285714,8.428571428571429,7.428571428571429,6.428571428571429,6.0,6.428571428571429,9.214285714285715,4.928571428571429,6.071428571428571,9,4,11,3,True
29931,2025-10-28 16:30:00,Lecce,Napoli,0.0,1.0,1.00625,1.8290178571428573,5.375,4.625,8.25,3.375,10.25,5.375,6.5,4.625,5.9375,9.25,4.625,4.375,4,3,9,5,True
29924,2025-10-28 18:45:00,Atalanta,Milan,1.0,1.0,1.3148148148148149,1.1458807680631453,9.875,5.75,5.375,5.875,9.75,4.875,4.75,4.0,7.3125,7.5625,4.875,5.375,11,6,4,2,True
29933,2025-10-29 16:30:00,Roma,Parma,2.0,1.0,1.0640243902439024,0.5006777356624917,8.375,4.875,5.125,5.0,5.75,4.125,7.0,5.75,7.6875,5.4375,5.3125,4.5625,11,7,5,3,True
29927,2025-10-29 16:30:00,Como,Verona,3.0,1.0,1.1287650602409638,0.6333652428864394,7.75,5.75,6.375,4.875,7.875,5.75,6.125,4.75,6.9375,7.125,5.25,5.3125,7,8,11,2,True
29930,2025-10-29 16:30:00,Juventus,Udinese,3.0,1.0,1.1339285714285714,1.1216517857142856,8.75,6.875,6.75,5.75,7.0,5.25,6.875,4.75,7.8125,6.875,5.8125,5.5,18,7,6,2,True
29925,2025-10-29 18:45:00,Bologna,Torino,0.0,0.0,1.388970588235294,0.9467174369747899,7.625,4.625,7.25,3.375,7.125,4.625,8.875,6.375,8.25,7.1875,5.5,4.0,4,7,4,4,True
29928,2025-10-29 18:45:00,Genoa,Cremonese,0.0,2.0,0.8197674418604651,1.2492491546037021,6.25,5.25,7.125,3.125,3.875,3.125,10.5,6.625,8.375,5.5,5.9375,3.125,9,6,7,4,True
29929,2025-10-29 18:45:00,Inter,Fiorentina,3.0,0.0,1.7564655172413794,1.1113056752873567,11.875,6.625,5.25,4.125,6.625,5.25,8.125,3.5,10.0,5.9375,5.0625,4.6875,19,3,6,4,True
29926,2025-10-30 16:30:00,Cagliari,Sassuolo,1.0,2.0,1.0710227272727273,1.1216432044323836,5.875,3.625,9.625,4.625,6.0,3.75,8.75,5.25,7.3125,7.8125,4.4375,4.1875,4,4,6,6,True
29932,2025-10-30 18:45:00,Pisa,Lazio,0.0,0.0,0.8855337078651684,1.4551749421678781,6.0,3.125,10.0,6.875,6.75,3.875,10.125,4.5,8.0625,8.375,3.8125,5.375,7,3,5,6,True
29942,2025-11-01 14:00:00,Udinese,Atalanta,1.0,0.0,1.1777777777777778,1.5921568627450977,6.888888888888889,4.888888888888889,8.11111111111111,5.0,10.0,5.777777777777778,5.222222222222222,5.444444444444445,6.055555555555555,9.055555555555555,5.166666666666667,5.388888888888889,3,8,3,2,True
29938,2025-11-01 17:00:00,Napoli,Como,0.0,0.0,1.452075702075702,1.100202259348601,10.11111111111111,5.333333333333333,6.222222222222222,4.444444444444445,7.666666666666667,6.0,6.888888888888889,4.555555555555555,8.5,6.944444444444445,4.944444444444445,5.222222222222222,6,7,5,9,True
29934,2025-11-01 19:45:00,Cremonese,Juventus,1.0,2.0,1.1681763285024154,1.2220737107733397,4.222222222222222,3.2222222222222223,10.333333333333334,6.555555555555555,9.777777777777779,6.888888888888889,6.666666666666667,5.333333333333333,5.444444444444445,10.055555555555557,4.277777777777778,6.722222222222222,5,4,8,7,True
29943,2025-11-02 11:30:00,Verona,Inter,1.0,2.0,0.8369175627240143,2.1296411175443435,8.222222222222221,5.333333333333333,6.222222222222222,5.111111111111111,12.666666666666666,6.222222222222222,5.333333333333333,4.111111111111111,6.777777777777777,9.444444444444445,4.722222222222221,5.666666666666666,5,4,12,9,True
29941,2025-11-02 14:00:00,Torino,Pisa,2.0,2.0,1.0056146572104019,1.0008618602300325,6.777777777777778,4.555555555555555,8.333333333333334,6.444444444444445,6.111111111111111,3.111111111111111,9.444444444444445,6.777777777777778,8.11111111111111,7.222222222222222,5.666666666666666,4.777777777777778,11,4,8,3,True
29935,2025-11-02 14:00:00,Fiorentina,Lecce,0.0,1.0,0.9546783625730995,1.180396890158212,6.555555555555555,5.111111111111111,9.333333333333334,3.4444444444444446,5.222222222222222,4.444444444444445,8.333333333333334,3.5555555555555554,7.444444444444445,7.277777777777779,4.333333333333333,3.9444444444444446,11,4,5,6,True
29939,2025-11-02 17:00:00,Parma,Bologna,1.0,3.0,0.7847222222222222,1.213348765432099,5.666666666666667,4.0,7.444444444444445,5.888888888888889,7.222222222222222,4.888888888888889,6.888888888888889,3.4444444444444446,6.277777777777779,7.333333333333334,3.7222222222222223,5.388888888888889,4,3,16,6,True
29937,2025-11-02 19:45:00,Milan,Roma,1.0,0.0,1.3447880870561284,0.9462436507110047,9.11111111111111,4.555555555555555,5.444444444444445,4.222222222222222,8.666666666666666,5.111111111111111,5.111111111111111,4.777777777777778,7.111111111111111,7.055555555555555,4.666666666666666,4.666666666666666,13,4,14,6,True
29940,2025-11-03 17:30:00,Sassuolo,Genoa,1.0,2.0,1.1193310657596371,0.7802677338741764,6.0,4.0,8.222222222222221,5.111111111111111,6.555555555555555,5.333333333333333,7.111111111111111,3.2222222222222223,6.555555555555555,7.388888888888888,3.611111111111111,5.222222222222221,8,5,11,5,True
29936,2025-11-03 19:45:00,Lazio,Cagliari,2.0,0.0,1.176767676767677,0.8991477272727274,6.555555555555555,4.111111111111111,9.777777777777779,4.333333333333333,5.666666666666667,3.6666666666666665,9.222222222222221,4.777777777777778,7.888888888888888,7.722222222222223,4.444444444444445,4.0,5,3,9,8,True
29952,2025-11-07 19:45:00,Pisa,Cremonese,1.0,0.0,0.915,1.3041814159292036,6.3,3.1,9.6,6.5,4.3,3.3,10.1,6.6,8.2,6.949999999999999,4.85,4.9,11,2,9,4,True
29946,2025-11-08 14:00:00,Como,Cagliari,0.0,0.0,1.1618811881188118,0.7760727526497143,7.4,6.3,6.8,4.8,6.0,4.1,8.8,4.6,8.100000000000001,6.4,5.449999999999999,4.449999999999999,5,5,4,0,True
29950,2025-11-08 14:00:00,Lecce,Verona,0.0,0.0,0.956372549019608,0.9669087414701563,5.2,4.6,8.6,3.6,7.9,5.2,6.8,5.5,6.0,8.25,5.05,4.4,5,6,4,1,True
29949,2025-11-08 17:00:00,Juventus,Torino,0.0,0.0,1.2509708737864078,1.002357683589239,9.6,6.9,6.5,5.2,7.2,4.5,8.3,6.1,8.95,6.85,6.5,4.85,15,6,7,1,True
29951,2025-11-08 19:45:00,Parma,Milan,2.0,2.0,0.7956730769230769,1.360171340223653,5.5,3.9,8.3,5.9,9.5,4.5,6.3,4.4,5.9,8.9,4.15,5.2,9,5,6,3,True
29944,2025-11-09 11:30:00,Atalanta,Sassuolo,0.0,3.0,1.2000000000000002,0.9500000000000001,9.3,5.4,5.0,5.7,6.2,4.1,8.5,5.1,8.9,5.6,5.25,4.9,7,7,6,2,True
29945,2025-11-09 14:00:00,Bologna,Napoli,2.0,0.0,1.3518867924528304,1.1658579261409452,8.1,5.0,6.6,3.4,9.7,5.5,6.1,4.9,7.1,8.149999999999999,4.95,4.45,6,5,1,3,True
29947,2025-11-09 14:00:00,Genoa,Fiorentina,2.0,2.0,0.8514018691588785,1.0228619515285917,7.0,5.3,7.2,3.4,7.0,5.0,8.9,3.7,7.95,7.1,4.5,4.2,9,1,4,3,True
29953,2025-11-09 17:00:00,Roma,Udinese,2.0,0.0,1.0555555555555556,0.8377777777777777,9.2,5.2,5.9,4.7,6.5,5.2,7.6,4.7,8.399999999999999,6.2,4.95,4.95,11,2,7,3,True
29948,2025-11-09 19:45:00,Inter,Lazio,2.0,0.0,1.7550458715596329,1.2538452498294033,12.6,6.5,5.3,4.1,6.4,4.0,9.7,4.7,11.149999999999999,5.85,5.6,4.05,7,1,3,5,True
29955,2025-11-22 14:00:00,Cagliari,Genoa,3.0,3.0,0.9636363636363637,0.9859165424739195,5.818181818181818,3.727272727272727,8.454545454545455,4.636363636363637,7.181818181818182,4.909090909090909,6.909090909090909,3.3636363636363638,6.363636363636363,7.818181818181818,3.5454545454545454,4.772727272727273,8,3,10,3,True
29963,2025-11-22 14:00:00,Udinese,Bologna,0.0,3.0,1.1085176085176085,1.6384075645893827,6.545454545454546,5.0,7.909090909090909,4.454545454545454,7.909090909090909,5.0,6.090909090909091,3.3636363636363638,6.318181818181818,7.909090909090909,4.181818181818182,4.727272727272727,7,5,8,2,True
29957,2025-11-22 17:00:00,Fiorentina,Juventus,1.0,1.0,0.9738230519480519,1.4706194278457798,6.7272727272727275,4.818181818181818,8.909090909090908,3.4545454545454546,10.090909090909092,6.818181818181818,6.545454545454546,4.818181818181818,6.636363636363637,9.5,4.818181818181818,5.136363636363637,5,6,9,8,True
29960,2025-11-22 19:45:00,Napoli,Atalanta,3.0,1.0,1.2914320193081257,1.0428558573286697,8.909090909090908,5.2727272727272725,6.090909090909091,4.909090909090909,9.090909090909092,5.545454545454546,5.090909090909091,5.363636363636363,7.0,7.590909090909092,5.318181818181818,5.2272727272727275,8,3,5,9,True
29954,2025-11-23 11:30:00,Verona,Parma,1.0,2.0,0.8407097288676236,1.0104263408689247,7.545454545454546,4.818181818181818,6.636363636363637,5.545454545454546,5.818181818181818,4.0,8.090909090909092,5.636363636363637,7.818181818181818,6.2272727272727275,5.2272727272727275,4.772727272727273,5,5,7,8,True
29956,2025-11-23 14:00:00,Cremonese,Roma,1.0,3.0,1.1150197628458498,1.1359118749879997,4.7272727272727275,3.3636363636363638,10.181818181818182,6.181818181818182,9.363636363636363,4.909090909090909,6.0,4.545454545454546,5.363636363636363,9.772727272727273,3.954545454545455,5.545454545454545,5,4,6,6,True
29959,2025-11-23 17:00:00,Lazio,Lecce,2.0,0.0,1.1641849529780566,0.8027474196320097,6.090909090909091,4.090909090909091,9.454545454545455,4.363636363636363,5.181818181818182,4.7272727272727275,8.181818181818182,3.3636363636363638,7.136363636363637,7.318181818181818,3.7272727272727275,4.545454545454545,11,8,2,3,True
29958,2025-11-23 19:45:00,Inter,Milan,0.0,1.0,1.7544677544677547,1.3134309908394033,12.090909090909092,6.0,5.090909090909091,4.181818181818182,9.181818181818182,4.363636363636363,6.545454545454546,4.454545454545454,9.318181818181818,7.136363636363637,5.227272727272727,4.2727272727272725,12,8,3,4,True
29962,2025-11-24 17:30:00,Torino,Como,1.0,5.0,1.0244607087827426,1.2693503888010307,7.181818181818182,4.181818181818182,8.909090909090908,6.090909090909091,7.181818181818182,6.181818181818182,6.545454545454546,4.363636363636363,6.863636363636363,8.045454545454545,4.2727272727272725,6.136363636363637,7,3,12,3,True
29961,2025-11-24 19:45:00,Sassuolo,Pisa,2.0,2.0,1.2140947288006112,0.9150714064739344,6.181818181818182,3.909090909090909,8.363636363636363,5.2727272727272725,6.7272727272727275,3.0,9.545454545454545,6.2727272727272725,7.863636363636363,7.545454545454545,5.090909090909091,4.136363636363637,14,8,10,0,True
29966,2025-11-28 19:45:00,Como,Sassuolo,2.0,0.0,1.2895833333333333,0.937055704898447,7.583333333333333,5.916666666666667,6.583333333333333,4.25,6.833333333333333,4.25,8.5,4.833333333333333,8.041666666666666,6.708333333333333,5.375,4.25,12,6,9,3,True
29971,2025-11-29 14:00:00,Parma,Udinese,0.0,2.0,0.9555785123966941,1.1219173700773506,5.916666666666667,4.333333333333333,7.833333333333333,5.583333333333333,6.583333333333333,5.0,7.916666666666667,4.25,6.916666666666667,7.208333333333333,4.291666666666666,5.291666666666666,8,9,10,4,True
29967,2025-11-29 14:00:00,Genoa,Verona,2.0,1.0,1.0382513661202186,1.0307079366918328,7.416666666666667,4.75,7.0,3.3333333333333335,7.333333333333333,4.833333333333333,6.666666666666667,5.75,7.041666666666667,7.166666666666666,5.25,4.083333333333333,11,4,11,2,True
29968,2025-11-29 17:00:00,Juventus,Cagliari,2.0,1.0,1.20630081300813,0.9669324577861164,10.0,6.916666666666667,6.416666666666667,4.916666666666667,6.0,3.6666666666666665,8.583333333333334,4.5,9.291666666666668,6.208333333333334,5.708333333333334,4.291666666666667,9,5,3,2,True
29970,2025-11-29 19:45:00,Milan,Lazio,1.0,0.0,1.3326612903225805,0.9924552126353386,8.666666666666666,4.333333333333333,7.0,4.75,6.5,4.416666666666667,8.833333333333334,4.25,8.75,6.75,4.291666666666666,4.583333333333334,10,6,5,4,True
29969,2025-11-30 11:30:00,Lecce,Torino,2.0,1.0,0.9133333333333333,1.1159099616858237,4.916666666666667,4.583333333333333,8.416666666666666,3.75,7.166666666666667,4.083333333333333,9.166666666666666,5.833333333333333,7.041666666666666,7.791666666666666,5.208333333333333,3.9166666666666665,6,4,9,6,True
29972,2025-11-30 14:00:00,Pisa,Inter,0.0,2.0,0.998015873015873,1.7868350127309172,7.0,2.75,9.916666666666666,6.416666666666667,12.083333333333334,6.166666666666667,4.916666666666667,4.166666666666667,5.958333333333334,11.0,3.4583333333333335,6.291666666666667,8,2,10,4,True
29964,2025-11-30 17:00:00,Atalanta,Fiorentina,2.0,0.0,1.1640419947506562,0.9996292836276821,8.75,5.833333333333333,5.333333333333333,5.166666666666667,6.583333333333333,4.916666666666667,8.916666666666666,3.8333333333333335,8.833333333333332,5.958333333333333,4.833333333333333,5.041666666666667,14,7,13,2,True
29973,2025-11-30 19:45:00,Roma,Napoli,0.0,1.0,1.205078125,0.9814672330948372,9.083333333333334,5.0,5.916666666666667,4.5,8.833333333333334,5.083333333333333,6.0,5.25,7.541666666666667,7.375,5.125,4.791666666666666,5,3,3,4,True
29965,2025-12-01 19:45:00,Bologna,Cremonese,1.0,3.0,1.4525193798449614,0.882579600437022,7.916666666666667,4.75,6.166666666666667,3.5,4.75,3.4166666666666665,9.833333333333334,6.166666666666667,8.875,5.458333333333334,5.458333333333334,3.458333333333333,20,9,7,3,True
29980,2025-12-06 14:00:00,Sassuolo,Fiorentina,3.0,1.0,1.1961538461538463,0.9941543555781968,7.0,4.153846153846154,8.76923076923077,4.923076923076923,7.076923076923077,4.6923076923076925,9.307692307692308,4.076923076923077,8.153846153846153,7.923076923076923,4.115384615384615,4.807692307692308,9,4,5,4,True
29976,2025-12-06 17:00:00,Inter,Como,4.0,0.0,1.6608925425719319,1.220214999289988,11.923076923076923,6.0,5.153846153846154,4.0,7.923076923076923,5.923076923076923,6.769230769230769,4.153846153846154,9.346153846153847,6.538461538461538,5.076923076923077,4.961538461538462,9,2,8,7,True
29983,2025-12-06 19:45:00,Verona,Atalanta,3.0,1.0,0.8948135198135199,1.388998666759213,7.615384615384615,4.615384615384615,7.0,5.615384615384615,9.153846153846153,5.923076923076923,5.923076923076923,4.923076923076923,6.769230769230769,8.076923076923077,4.769230769230769,5.769230769230769,6,6,7,5,True
29975,2025-12-07 11:30:00,Cremonese,Lecce,2.0,0.0,1.2056101792943898,1.0273801471227912,4.923076923076923,3.3846153846153846,10.615384615384615,6.384615384615385,5.0,4.538461538461538,8.461538461538462,3.923076923076923,6.6923076923076925,7.8076923076923075,3.6538461538461537,5.461538461538462,8,3,7,2,True
29974,2025-12-07 14:00:00,Cagliari,Roma,1.0,0.0,1.0895522388059702,1.3061797595797506,5.769230769230769,3.5384615384615383,8.615384615384615,4.538461538461538,8.76923076923077,4.846153846153846,5.6923076923076925,4.461538461538462,5.730769230769231,8.692307692307693,4.0,4.692307692307692,10,5,5,1,True
29977,2025-12-07 17:00:00,Lazio,Bologna,1.0,1.0,1.163960113960114,1.1860950029416422,6.384615384615385,4.384615384615385,8.923076923076923,4.384615384615385,8.846153846153847,5.076923076923077,6.230769230769231,3.4615384615384617,6.307692307692308,8.884615384615385,3.9230769230769234,4.730769230769231,11,5,8,5,True
29978,2025-12-07 19:45:00,Napoli,Juventus,2.0,1.0,1.3556278280542986,1.067530298438494,8.384615384615385,5.0,5.923076923076923,5.076923076923077,9.923076923076923,6.769230769230769,6.153846153846154,4.6923076923076925,7.26923076923077,7.923076923076923,4.846153846153847,5.923076923076923,7,2,2,3,True
29979,2025-12-08 14:00:00,Pisa,Parma,0.0,1.0,0.9722066254912972,1.0169478862323627,7.076923076923077,2.6923076923076925,9.923076923076923,6.230769230769231,6.076923076923077,4.6923076923076925,8.0,5.461538461538462,7.538461538461538,8.0,4.076923076923077,5.461538461538462,9,4,6,3,True
29982,2025-12-08 17:00:00,Udinese,Genoa,1.0,2.0,1.1236064659977703,1.2558375268783801,6.846153846153846,4.923076923076923,7.923076923076923,4.615384615384615,7.6923076923076925,4.6923076923076925,7.3076923076923075,3.230769230769231,7.076923076923077,7.807692307692308,4.076923076923077,4.653846153846153,16,7,7,5,True
29981,2025-12-08 19:45:00,Torino,Milan,2.0,3.0,1.0478693967902601,1.6521247009362414,7.3076923076923075,4.230769230769231,8.923076923076923,5.6923076923076925,8.76923076923077,4.461538461538462,6.846153846153846,4.6923076923076925,7.076923076923077,8.846153846153847,4.461538461538462,5.076923076923077,3,5,13,4,True
29988,2025-12-12 19:45:00,Lecce,Pisa,1.0,0.0,0.9482142857142857,1.0183993310315065,5.142857142857143,4.357142857142857,8.428571428571429,3.857142857142857,7.214285714285714,2.7857142857142856,9.642857142857142,6.0,7.392857142857142,7.821428571428571,5.178571428571429,3.321428571428571,15,6,5,0,True
29992,2025-12-13 14:00:00,Torino,Cremonese,1.0,0.0,1.0886524822695036,1.5870788843607169,7.0,4.285714285714286,9.214285714285714,5.571428571428571,5.142857142857143,3.357142857142857,10.357142857142858,6.071428571428571,8.678571428571429,7.178571428571429,5.178571428571429,4.464285714285714,15,3,7,3,True
29990,2025-12-13 17:00:00,Parma,Lazio,0.0,1.0,0.94341046277666,1.1783072415617684,6.071428571428571,4.571428571428571,8.071428571428571,5.357142857142857,6.714285714285714,4.428571428571429,8.857142857142858,4.428571428571429,7.464285714285714,7.392857142857142,4.5,4.892857142857142,12,7,9,6,True
29984,2025-12-13 19:45:00,Atalanta,Cagliari,2.0,1.0,1.191058941058941,1.1054738674499154,9.0,5.857142857142857,5.928571428571429,5.0,6.071428571428571,3.642857142857143,8.357142857142858,4.285714285714286,8.678571428571429,6.0,5.071428571428571,4.321428571428571,12,5,5,3,True
29989,2025-12-14 11:30:00,Milan,Sassuolo,2.0,2.0,1.3707837301587302,1.05606951299313,9.071428571428571,4.428571428571429,6.571428571428571,4.714285714285714,7.142857142857143,4.142857142857143,8.5,4.857142857142857,8.785714285714285,6.857142857142858,4.642857142857142,4.428571428571429,8,5,5,3,True
29986,2025-12-14 14:00:00,Fiorentina,Verona,1.0,2.0,0.9807881773399014,1.205338130802933,6.928571428571429,4.642857142857143,9.285714285714286,4.071428571428571,7.5,4.714285714285714,7.0,5.571428571428571,6.964285714285714,8.392857142857142,5.107142857142858,4.392857142857142,13,7,7,7,True
29993,2025-12-14 14:00:00,Udinese,Napoli,1.0,0.0,1.1247553816046967,1.604261886341029,7.5,5.071428571428571,7.857142857142857,4.642857142857143,8.285714285714286,4.785714285714286,5.642857142857143,4.928571428571429,6.571428571428571,8.071428571428571,5.0,4.714285714285714,7,11,5,2,True
29987,2025-12-14 17:00:00,Genoa,Inter,1.0,2.0,1.1224489795918369,1.9702307009760425,7.642857142857143,4.714285714285714,7.928571428571429,3.5,11.714285714285714,5.714285714285714,5.357142857142857,4.214285714285714,6.5,9.821428571428571,4.464285714285714,4.607142857142858,3,2,9,9,True
29985,2025-12-14 19:45:00,Bologna,Juventus,0.0,1.0,1.4092664092664093,1.0639752173003405,8.785714285714286,5.071428571428571,6.571428571428571,3.5714285714285716,9.357142857142858,6.5,6.214285714285714,4.5,7.5,7.964285714285714,4.785714285714286,5.035714285714286,8,4,9,4,True
29991,2025-12-15 19:45:00,Roma,Como,1.0,0.0,1.1212847555129435,0.9404739665524485,8.5,4.571428571428571,6.0,4.5,7.928571428571429,6.0,6.928571428571429,4.0,7.714285714285714,6.964285714285714,4.285714285714286,5.25,12,2,8,5,True
30000,2025-12-20 17:00:00,Lazio,Cremonese,0.0,0.0,1.15,0.9635714285714284,6.866666666666666,4.533333333333333,9.066666666666666,4.6,5.266666666666667,3.3333333333333335,10.666666666666666,5.866666666666666,8.766666666666666,7.166666666666666,5.199999999999999,3.966666666666667,4,4,1,8,True
29999,2025-12-20 19:45:00,Juventus,Roma,2.0,1.0,1.21280353200883,1.004490654893304,9.333333333333334,6.333333333333333,6.333333333333333,4.466666666666667,8.733333333333333,4.4,6.133333333333334,4.533333333333333,7.733333333333334,7.533333333333333,5.433333333333334,4.433333333333334,8,5,9,5,True
29994,2025-12-21 11:30:00,Cagliari,Pisa,2.0,2.0,1.080592105263158,1.0079070063615128,6.0,3.6,8.6,4.333333333333333,7.066666666666666,2.6,10.0,6.0,8.0,7.833333333333333,4.8,3.466666666666667,5,9,14,1,True
30002,2025-12-21 14:00:00,Sassuolo,Torino,0.0,1.0,1.2833333333333332,1.129761904761905,7.0,4.066666666666666,8.466666666666667,4.866666666666666,7.533333333333333,4.2,9.066666666666666,5.4,8.033333333333333,8.0,4.733333333333333,4.533333333333333,5,2,6,4,True
29996,2025-12-21 17:00:00,Fiorentina,Udinese,5.0,1.0,0.9811688311688312,1.3882504615186182,7.333333333333333,4.8,9.133333333333333,4.266666666666667,7.466666666666667,5.466666666666667,7.666666666666667,4.466666666666667,7.5,8.3,4.633333333333333,4.866666666666667,10,10,8,3,True
29997,2025-12-21 19:45:00,Genoa,Atalanta,0.0,1.0,1.1204301075268817,1.4070709756193627,7.333333333333333,4.533333333333333,8.0,3.8666666666666667,9.2,5.8,5.866666666666666,4.866666666666666,6.6,8.6,4.699999999999999,4.833333333333333,6,0,11,5,True
30008,2025-12-27 11:30:00,Parma,Fiorentina,1.0,0.0,0.918269230769231,1.1305587021426062,6.466666666666667,4.733333333333333,8.133333333333333,5.4,7.5,5.125,9.0625,4.1875,7.764583333333333,7.816666666666666,4.460416666666667,5.2625,9,4,14,9,True
30011,2025-12-27 14:00:00,Torino,Cagliari,1.0,2.0,1.0828025477707006,1.3335909084481918,7.4375,4.1875,8.8125,5.1875,5.9375,3.9375,8.9375,4.125,8.1875,7.375,4.15625,4.5625,11,8,4,5,True
30006,2025-12-27 14:00:00,Lecce,Como,0.0,3.0,0.9505274261603377,1.2687626591807408,5.8,4.466666666666667,8.2,3.6,7.933333333333334,5.933333333333334,7.266666666666667,3.8666666666666667,6.533333333333333,8.066666666666666,4.166666666666667,4.766666666666667,7,4,9,3,True
30012,2025-12-27 17:00:00,Udinese,Lazio,1.0,1.0,1.1161556603773586,1.3631276033741635,7.5,5.3125,7.8125,4.8125,6.6875,4.5,8.5625,4.8125,8.03125,7.25,5.0625,4.65625,7,8,5,9,True
30009,2025-12-27 19:45:00,Pisa,Juventus,0.0,2.0,0.9593749999999999,1.350091911764706,7.5,2.5,9.6875,6.1875,9.25,6.25,6.5,4.5,7.0,9.46875,3.5,6.21875,6,3,7,7,True
30007,2025-12-28 11:30:00,Milan,Verona,3.0,0.0,1.3838509316770187,0.8860684918432374,9.0,4.466666666666667,6.466666666666667,4.6,7.466666666666667,4.866666666666666,7.4,5.666666666666667,8.2,6.966666666666667,5.066666666666666,4.7333333333333325,7,4,2,7,True
30005,2025-12-28 14:00:00,Cremonese,Napoli,0.0,2.0,1.1473765432098766,1.2929934606990456,5.0,3.625,10.25,5.75,8.066666666666666,4.6,5.733333333333333,5.333333333333333,5.366666666666667,9.158333333333333,4.479166666666666,5.175,3,3,12,10,True
30004,2025-12-28 17:00:00,Bologna,Sassuolo,1.0,1.0,1.3510224948875256,1.0802930715907444,8.733333333333333,5.0,6.733333333333333,3.6,6.875,3.9375,8.3125,4.8125,8.522916666666667,6.804166666666667,4.90625,3.76875,8,8,7,1,True
30013,2025-12-28 19:45:00,Atalanta,Inter,0.0,1.0,1.2088414634146343,1.68579040098495,9.3125,5.75,5.875,4.5625,11.533333333333333,5.933333333333334,5.2,4.066666666666666,7.25625,8.704166666666666,4.908333333333333,5.247916666666667,2,5,11,4,True
30010,2025-12-29 19:45:00,Roma,Genoa,3.0,1.0,1.1130681818181818,0.8314364346590909,8.75,4.4375,6.25,4.5625,7.25,4.25,8.1875,3.9375,8.46875,6.75,4.1875,4.40625,14,2,8,2,True
30015,2026-01-02 19:45:00,Cagliari,Milan,0.0,1.0,1.143160878809355,1.5766118978643502,5.823529411764706,4.0,9.058823529411764,4.352941176470588,8.875,4.4375,6.1875,4.75,6.005514705882353,8.966911764705882,4.375,4.3952205882352935,4,2,7,4,True
30016,2026-01-03 11:30:00,Como,Udinese,1.0,0.0,1.2698353293413174,0.9138332476133473,8.0,5.75,7.25,3.875,7.470588235294118,5.470588235294118,7.647058823529412,5.0588235294117645,7.8235294117647065,7.360294117647059,5.404411764705882,4.672794117647059,10,5,2,1,True
30018,2026-01-03 14:00:00,Genoa,Pisa,1.0,1.0,1.0803571428571428,1.1051772405794897,7.294117647058823,4.117647058823529,8.529411764705882,3.823529411764706,7.411764705882353,2.5294117647058822,9.529411764705882,6.235294117647059,8.411764705882353,7.970588235294118,5.1764705882352935,3.1764705882352944,7,5,6,4,True
30022,2026-01-03 14:00:00,Sassuolo,Parma,1.0,1.0,1.2269404803341455,0.9537078977300979,6.882352941176471,3.764705882352941,8.294117647058824,5.0,6.625,4.6875,8.5,5.625,7.6911764705882355,7.459558823529412,4.694852941176471,4.84375,7,4,8,8,True
30020,2026-01-03 17:00:00,Juventus,Lecce,1.0,1.0,1.2558823529411764,0.8130384069871602,9.117647058823529,6.294117647058823,6.470588235294118,4.411764705882353,5.875,4.4375,8.25,3.5625,8.683823529411764,6.172794117647059,4.928308823529411,4.424632352941177,16,9,1,5,True
30014,2026-01-03 19:45:00,Atalanta,Roma,1.0,0.0,1.1671826625386998,1.1468974023608882,8.882352941176471,5.705882352941177,6.176470588235294,4.529411764705882,9.058823529411764,4.294117647058823,6.352941176470588,4.411764705882353,7.617647058823529,7.617647058823529,5.0588235294117645,4.411764705882353,8,5,7,3,True
30021,2026-01-04 11:30:00,Lazio,Napoli,0.0,2.0,1.1064466484268127,1.0693553437718595,6.588235294117647,4.764705882352941,8.470588235294118,5.0,8.3125,4.9375,5.5625,5.1875,6.075367647058823,8.391544117647058,4.976102941176471,4.96875,5,0,10,4,True
30017,2026-01-04 14:00:00,Fiorentina,Cremonese,1.0,0.0,1.0765895953757225,1.3428385966315874,7.882352941176471,5.352941176470588,9.058823529411764,4.176470588235294,4.882352941176471,3.588235294117647,10.352941176470589,6.0,9.117647058823529,6.970588235294118,5.6764705882352935,3.882352941176471,12,10,3,3,True
30023,2026-01-04 17:00:00,Verona,Torino,0.0,3.0,0.9809626436781608,1.2678250718390804,7.125,5.0,7.375,5.5625,7.647058823529412,4.411764705882353,8.529411764705882,5.176470588235294,7.827205882352941,7.5110294117647065,5.088235294117647,4.987132352941177,3,4,8,13,True
30019,2026-01-04 19:45:00,Inter,Bologna,3.0,1.0,1.6694642857142856,1.1665792272243882,11.5,5.8125,5.0,4.125,8.6875,5.1875,6.75,3.4375,9.125,6.84375,4.625,4.65625,15,4,4,2,True
30031,2026-01-06 14:00:00,Pisa,Como,0.0,3.0,0.9392361111111112,1.3808086579226286,7.333333333333333,2.611111111111111,9.38888888888889,6.166666666666667,8.117647058823529,5.705882352941177,6.9411764705882355,3.7058823529411766,7.137254901960784,8.75326797385621,3.158496732026144,5.936274509803922,8,2,10,5,True
30027,2026-01-06 17:00:00,Lecce,Roma,0.0,2.0,0.9320372216683283,1.230046986412038,5.588235294117647,4.470588235294118,8.705882352941176,3.8823529411764706,8.944444444444445,4.222222222222222,6.444444444444445,4.444444444444445,6.016339869281046,8.82516339869281,4.457516339869281,4.052287581699346,2,4,6,4,True
30032,2026-01-06 19:45:00,Sassuolo,Juventus,0.0,3.0,1.2175405742821472,1.2802463748792972,6.888888888888889,3.7777777777777777,8.277777777777779,5.166666666666667,9.5,6.444444444444445,6.166666666666667,4.444444444444445,6.527777777777779,8.88888888888889,4.111111111111111,5.805555555555555,2,5,12,5,True
30029,2026-01-07 17:30:00,Napoli,Verona,2.0,2.0,1.3443148209004272,0.7982715556121763,8.411764705882353,4.882352941176471,5.529411764705882,4.882352941176471,6.882352941176471,4.9411764705882355,7.411764705882353,6.0,7.911764705882353,6.205882352941177,5.4411764705882355,4.911764705882353,11,4,2,9,True
30024,2026-01-07 17:30:00,Bologna,Atalanta,0.0,2.0,1.3172385620915033,1.083235547600106,8.411764705882353,5.0,7.235294117647059,3.4705882352941178,8.833333333333334,5.666666666666667,6.222222222222222,4.444444444444445,7.316993464052288,8.034313725490197,4.722222222222222,4.568627450980392,9,2,7,4,True
30033,2026-01-07 19:45:00,Torino,Udinese,1.0,2.0,1.137047268262738,1.2640237660923086,7.666666666666667,4.888888888888889,8.222222222222221,5.111111111111111,7.166666666666667,5.222222222222222,7.777777777777778,5.055555555555555,7.722222222222222,7.694444444444445,4.972222222222222,5.166666666666666,7,3,7,2,True
30026,2026-01-07 19:45:00,Lazio,Fiorentina,2.0,2.0,1.0824175824175826,0.90258195682724,6.5,4.5,8.555555555555555,4.944444444444445,8.11111111111111,5.611111111111111,8.722222222222221,4.111111111111111,7.611111111111111,8.333333333333332,4.305555555555555,5.277777777777778,12,5,6,2,True
30030,2026-01-07 19:45:00,Parma,Inter,0.0,2.0,0.9376406300225009,1.664677767392973,6.705882352941177,4.882352941176471,8.411764705882353,5.529411764705882,11.705882352941176,5.705882352941177,4.9411764705882355,4.0,5.8235294117647065,10.058823529411764,4.4411764705882355,5.617647058823529,2,2,16,10,True
30025,2026-01-08 17:30:00,Cremonese,Cagliari,2.0,2.0,1.0842391304347827,1.111154879601543,4.777777777777778,3.5555555555555554,10.444444444444445,6.222222222222222,5.722222222222222,3.888888888888889,8.944444444444445,4.333333333333333,6.861111111111111,8.083333333333334,3.944444444444444,5.055555555555555,8,4,13,8,True
30028,2026-01-08 19:45:00,Milan,Genoa,1.0,1.0,1.4100158982511923,0.8974042624896514,8.764705882352942,4.411764705882353,6.0588235294117645,4.588235294117647,7.277777777777778,4.166666666666667,8.38888888888889,3.8333333333333335,8.576797385620916,6.6683006535947715,4.122549019607844,4.377450980392156,24,8,5,2,True
30042,2026-01-10 14:00:00,Udinese,Pisa,2.0,2.0,1.1123372948500283,1.0892381028114282,7.157894736842105,5.052631578947368,7.7368421052631575,4.947368421052632,7.368421052631579,2.5789473684210527,9.421052631578947,6.105263157894737,8.289473684210526,7.552631578947368,5.578947368421053,3.7631578947368425,6,5,12,2,True
30035,2026-01-10 14:00:00,Como,Bologna,1.0,1.0,1.3104575163398693,1.0047657952069715,8.222222222222221,5.666666666666667,7.0,3.611111111111111,8.444444444444445,4.833333333333333,7.222222222222222,3.5,7.722222222222221,7.722222222222222,4.583333333333334,4.222222222222222,10,2,7,0,True
30041,2026-01-10 17:00:00,Roma,Sassuolo,2.0,0.0,1.1667133258678613,0.9170043986103448,8.789473684210526,4.2105263157894735,6.2105263157894735,4.421052631578948,6.631578947368421,3.8421052631578947,8.473684210526315,5.157894736842105,8.631578947368421,6.421052631578947,4.684210526315789,4.131578947368421,15,11,4,1,True
30034,2026-01-10 19:45:00,Atalanta,Torino,2.0,0.0,1.1925647451963242,1.0552084038926146,8.736842105263158,5.578947368421052,6.368421052631579,4.315789473684211,7.631578947368421,4.7894736842105265,8.157894736842104,4.947368421052632,8.44736842105263,7.0,5.2631578947368425,4.552631578947368,11,7,7,3,True
30040,2026-01-11 11:30:00,Lecce,Parma,1.0,2.0,0.9201754385964914,1.004536315876887,5.388888888888889,4.444444444444445,8.555555555555555,3.888888888888889,6.444444444444445,4.722222222222222,8.833333333333334,5.777777777777778,7.111111111111112,7.5,5.111111111111111,4.305555555555555,5,6,6,6,True
30036,2026-01-11 14:00:00,Fiorentina,Milan,1.0,1.0,1.114012124552218,1.6324287038838405,8.0,5.421052631578948,8.894736842105264,4.157894736842105,9.61111111111111,4.611111111111111,6.0,4.444444444444445,7.0,9.252923976608187,4.932748538011696,4.3845029239766085,15,5,9,4,True
30043,2026-01-11 17:00:00,Verona,Lazio,0.0,1.0,1.00390625,1.3468834941601509,6.611111111111111,5.166666666666667,7.611111111111111,5.888888888888889,6.7894736842105265,4.526315789473684,8.421052631578947,4.7894736842105265,7.516081871345029,7.200292397660819,4.978070175438597,5.207602339181287,6,5,6,5,True
30038,2026-01-11 19:45:00,Inter,Napoli,2.0,2.0,1.6966033390903856,1.1667218596467988,11.944444444444445,5.944444444444445,4.777777777777778,3.888888888888889,8.555555555555555,4.833333333333333,5.333333333333333,5.111111111111111,8.63888888888889,6.666666666666666,5.527777777777778,4.361111111111111,10,3,5,2,True
30037,2026-01-12 17:30:00,Genoa,Cagliari,3.0,0.0,1.0876288659793816,1.3105625012212114,7.157894736842105,4.052631578947368,9.210526315789474,4.052631578947368,6.105263157894737,4.105263157894737,8.894736842105264,4.315789473684211,8.026315789473685,7.657894736842106,4.184210526315789,4.078947368421053,5,6,6,9,True
30039,2026-01-12 19:45:00,Juventus,Cremonese,5.0,0.0,1.298987854251012,0.9562082102533463,9.631578947368421,6.368421052631579,5.947368421052632,4.473684210526316,4.947368421052632,3.5789473684210527,10.578947368421053,6.315789473684211,10.105263157894736,5.447368421052632,6.342105263157895,4.026315789473684,13,5,6,4,True
30001,2026-01-14 17:30:00,Napoli,Parma,0.0,0.0,1.3813104189044039,0.8430575401428124,8.368421052631579,4.684210526315789,5.578947368421052,5.0,6.421052631578948,4.7894736842105265,8.631578947368421,5.7894736842105265,8.5,6.0,5.2368421052631575,4.894736842105264,13,3,1,3,True
29998,2026-01-14 19:45:00,Inter,Lecce,1.0,0.0,1.6940956452043816,0.8191111763131469,11.842105263157896,5.7894736842105265,4.7894736842105265,3.789473684210526,5.368421052631579,4.526315789473684,8.421052631578947,4.0,10.131578947368421,5.078947368421053,4.894736842105264,4.157894736842105,13,8,5,5,True
30003,2026-01-15 17:30:00,Verona,Bologna,2.0,3.0,0.9818580542264753,1.5189068664484178,6.578947368421052,5.157894736842105,7.526315789473684,5.842105263157895,8.368421052631579,4.578947368421052,7.368421052631579,3.4210526315789473,6.973684210526315,7.947368421052632,4.2894736842105265,5.2105263157894735,10,5,6,9,True
29995,2026-01-15 19:45:00,Como,Milan,1.0,3.0,1.3009785770960063,1.0897242741082083,8.31578947368421,5.473684210526316,7.0,3.4210526315789473,9.578947368421053,4.578947368421052,6.473684210526316,4.473684210526316,7.394736842105264,8.289473684210527,4.973684210526316,4.0,10,8,4,3,True
30049,2026-01-16 19:45:00,Pisa,Atalanta,1.0,1.0,0.9675,1.3793196202531646,7.6,2.55,9.25,6.05,8.85,5.65,6.4,4.25,7.0,9.05,3.4,5.85,13,1,8,1,True
30051,2026-01-17 14:00:00,Udinese,Inter,0.0,1.0,1.142039800995025,1.959822421505916,7.1,5.05,7.95,4.8,11.9,5.9,4.8,3.85,5.949999999999999,9.925,4.45,5.35,2,3,11,3,True
30047,2026-01-17 17:00:00,Napoli,Sassuolo,1.0,0.0,1.3403465346534653,1.0021491583120576,8.6,4.6,5.35,4.9,6.5,3.7,8.8,5.45,8.7,5.925,5.025,4.300000000000001,5,6,9,12,True
30053,2026-01-17 19:45:00,Cagliari,Juventus,1.0,0.0,1.1136699507389163,1.5789584063318014,6.1,4.35,8.7,4.4,9.8,6.3,5.95,4.45,6.025,9.25,4.4,5.35,3,0,10,11,True
30048,2026-01-18 11:30:00,Parma,Genoa,0.0,0.0,0.9370098039215687,1.1011666973678826,6.15,4.7,8.85,5.65,7.05,4.15,9.05,4.3,7.6000000000000005,7.949999999999999,4.5,4.9,7,7,8,3,True
30052,2026-01-18 14:00:00,Bologna,Fiorentina,1.0,2.0,1.3091463414634146,1.0767287030907888,8.25,4.8,7.5,3.5,8.35,5.4,8.9,4.15,8.575,7.925,4.475,4.45,14,5,9,2,True
30050,2026-01-18 17:00:00,Torino,Roma,0.0,2.0,1.1099514563106796,1.4027661845868749,7.6,4.7,8.3,5.05,9.1,4.55,6.1,4.25,6.85,8.7,4.475,4.8,4,4,10,4,True
30046,2026-01-18 19:45:00,Milan,Lecce,1.0,0.0,1.4095410628019325,0.7659688785084042,9.3,4.5,6.65,4.65,5.35,4.55,8.65,4.2,8.975000000000001,6.0,4.35,4.6,16,4,2,1,True
30044,2026-01-19 17:30:00,Cremonese,Verona,0.0,0.0,1.0829326923076923,1.1091416038858048,5.0,3.6,10.7,6.25,6.75,5.15,7.45,6.0,6.225,8.725,4.8,5.7,3,4,7,4,True
30045,2026-01-19 19:45:00,Lazio,Como,0.0,3.0,1.1051435406698564,1.0813913579637942,6.75,4.55,8.3,4.8,8.4,5.6,6.85,3.4,6.8,8.350000000000001,3.9749999999999996,5.199999999999999,2,6,8,3,True
30058,2026-01-23 19:45:00,Inter,Pisa,6.0,2.0,1.6285714285714286,0.8160421545667447,11.857142857142858,5.761904761904762,4.666666666666667,3.8095238095238093,7.857142857142857,2.4761904761904763,9.19047619047619,5.809523809523809,10.523809523809524,6.261904761904762,5.785714285714286,3.142857142857143,31,3,5,3,True
30055,2026-01-24 14:00:00,Como,Torino,6.0,0.0,1.3257729632137214,0.8963734247712232,8.380952380952381,5.476190476190476,6.619047619047619,3.5238095238095237,7.428571428571429,4.666666666666667,8.380952380952381,5.0,8.380952380952381,7.023809523809524,5.238095238095238,4.095238095238095,10,7,4,3,True
30056,2026-01-24 17:00:00,Fiorentina,Cagliari,1.0,2.0,1.1396001796945194,1.2759302178612806,8.380952380952381,5.238095238095238,9.142857142857142,4.190476190476191,5.9523809523809526,4.142857142857143,8.761904761904763,4.714285714285714,8.571428571428573,7.5476190476190474,4.976190476190476,4.166666666666667,9,6,7,3,True
30060,2026-01-24 19:45:00,Lecce,Lazio,0.0,0.0,0.9022468142186452,1.1828301492121043,5.190476190476191,4.380952380952381,9.0,4.190476190476191,6.523809523809524,4.619047619047619,8.285714285714286,4.714285714285714,6.738095238095239,7.761904761904762,4.5476190476190474,4.404761904761905,7,8,5,1,True
30062,2026-01-25 11:30:00,Sassuolo,Cremonese,1.0,0.0,1.1375723186470852,1.1354606839188592,6.619047619047619,4.095238095238095,8.619047619047619,5.476190476190476,4.904761904761905,3.619047619047619,10.523809523809524,6.142857142857143,8.571428571428571,6.761904761904762,5.119047619047619,4.5476190476190474,7,6,4,6,True
30054,2026-01-25 14:00:00,Atalanta,Parma,4.0,0.0,1.207419712070875,0.8338372165975806,8.80952380952381,5.428571428571429,6.714285714285714,4.095238095238095,6.190476190476191,4.809523809523809,8.80952380952381,5.523809523809524,8.80952380952381,6.4523809523809526,5.476190476190476,4.4523809523809526,16,5,9,6,True
30057,2026-01-25 14:00:00,Genoa,Bologna,3.0,2.0,1.1140873015873016,1.4152869481125785,7.095238095238095,4.095238095238095,8.952380952380953,4.428571428571429,8.523809523809524,4.809523809523809,7.571428571428571,3.4285714285714284,7.333333333333333,8.738095238095237,3.761904761904762,4.619047619047619,4,5,6,7,True
30059,2026-01-25 17:00:00,Juventus,Napoli,3.0,0.0,1.3552227342549923,1.1198520821837452,9.80952380952381,6.523809523809524,5.809523809523809,4.238095238095238,8.428571428571429,4.666666666666667,5.523809523809524,5.238095238095238,7.666666666666667,7.119047619047619,5.880952380952381,4.4523809523809526,7,5,2,7,True
30061,2026-01-25 19:45:00,Roma,Milan,1.0,1.0,1.2130843162953255,1.0393160399011363,9.142857142857142,4.523809523809524,6.0,4.238095238095238,9.619047619047619,4.476190476190476,6.428571428571429,4.476190476190476,7.785714285714286,7.809523809523809,4.5,4.357142857142858,11,4,4,1,True
30063,2026-01-26 19:45:00,Verona,Udinese,1.0,3.0,0.9983692106979778,1.320639341089439,6.761904761904762,5.095238095238095,7.238095238095238,5.904761904761905,6.857142857142857,4.9523809523809526,8.095238095238095,4.714285714285714,7.428571428571429,7.0476190476190474,4.904761904761905,5.428571428571429,5,2,11,9,True
30068,2026-01-30 19:45:00,Lazio,Genoa,3.0,2.0,1.0727272727272728,1.0037473976405273,6.454545454545454,4.454545454545454,8.227272727272727,4.863636363636363,6.954545454545454,4.136363636363637,8.818181818181818,4.545454545454546,7.636363636363637,7.59090909090909,4.5,4.5,7,7,9,7,True
30071,2026-01-31 14:00:00,Pisa,Sassuolo,1.0,3.0,1.0075071986836692,1.3756329444339312,7.7272727272727275,2.5,10.181818181818182,5.681818181818182,6.636363636363637,4.181818181818182,8.409090909090908,5.5,8.068181818181818,8.40909090909091,4.0,4.931818181818182,9,7,17,4,True
30069,2026-01-31 17:00:00,Napoli,Fiorentina,2.0,1.0,1.3047706797706797,1.0066466550668323,8.136363636363637,4.7727272727272725,5.590909090909091,5.2272727272727275,8.409090909090908,5.2727272727272725,9.045454545454545,4.136363636363637,8.59090909090909,7.0,4.454545454545455,5.25,13,6,12,3,True
30065,2026-01-31 19:45:00,Cagliari,Verona,4.0,0.0,1.1463514064410925,1.0970940762315244,6.0,4.090909090909091,8.772727272727273,4.7727272727272725,6.681818181818182,4.954545454545454,7.409090909090909,6.045454545454546,6.704545454545455,7.7272727272727275,5.068181818181818,4.863636363636363,6,7,6,3,True
30072,2026-02-01 11:30:00,Torino,Lecce,1.0,0.0,1.0799512987012987,1.1264464176395994,7.2727272727272725,4.590909090909091,8.454545454545455,5.090909090909091,5.2727272727272725,4.545454545454546,8.818181818181818,4.045454545454546,8.045454545454545,6.863636363636363,4.318181818181818,4.818181818181818,12,4,5,9,True
30066,2026-02-01 14:00:00,Como,Atalanta,0.0,0.0,1.4420202020202022,1.0295124917465701,8.454545454545455,5.545454545454546,6.5,3.5,9.136363636363637,5.409090909090909,6.818181818181818,4.181818181818182,7.636363636363637,7.818181818181818,4.863636363636363,4.454545454545455,19,9,3,3,True
30067,2026-02-01 17:00:00,Cremonese,Inter,0.0,2.0,1.0529967819790829,1.8227072023428663,4.863636363636363,3.727272727272727,10.363636363636363,6.136363636363637,12.727272727272727,5.636363636363637,4.681818181818182,3.772727272727273,4.7727272727272725,11.545454545454545,3.75,5.886363636363637,7,2,11,4,True
30070,2026-02-01 19:45:00,Parma,Juventus,1.0,4.0,0.9161994393271927,1.3851901873743555,6.318181818181818,4.863636363636363,9.136363636363637,5.5,9.681818181818182,6.454545454545454,5.636363636363637,4.363636363636363,5.9772727272727275,9.40909090909091,4.613636363636363,5.977272727272727,4,6,12,4,True
30073,2026-02-02 19:45:00,Udinese,Roma,1.0,0.0,1.1690590111642742,1.388188189300542,7.045454545454546,5.136363636363637,7.954545454545454,4.590909090909091,9.227272727272727,4.5,5.909090909090909,4.090909090909091,6.4772727272727275,8.59090909090909,4.613636363636363,4.545454545454545,1,6,7,3,True
30064,2026-02-03 19:45:00,Bologna,Milan,0.0,3.0,1.3266177054386663,1.411429026137569,8.409090909090908,4.909090909090909,7.409090909090909,3.5,9.363636363636363,4.318181818181818,6.636363636363637,4.454545454545454,7.5227272727272725,8.386363636363637,4.681818181818182,3.909090909090909,6,7,10,0,True
30074,2026-02-06 19:45:00,Verona,Pisa,0.0,0.0,0.9913043478260869,1.2589634530560807,6.6521739130434785,4.869565217391305,7.3478260869565215,6.086956521739131,7.782608695652174,2.6956521739130435,10.478260869565217,5.608695652173913,8.565217391304348,7.565217391304348,5.239130434782609,4.391304347826087,1,2,9,2,True
30080,2026-02-07 17:00:00,Genoa,Napoli,2.0,3.0,1.1843591191417278,1.470754804084713,7.043478260869565,4.260869565217392,8.73913043478261,4.6521739130434785,8.347826086956522,4.826086956521739,5.869565217391305,5.130434782608695,6.4565217391304355,8.543478260869566,4.695652173913043,4.739130434782609,6,6,9,5,True
30079,2026-02-07 19:45:00,Fiorentina,Torino,2.0,2.0,1.1436937781109444,1.2423398078446921,8.565217391304348,5.173913043478261,9.217391304347826,4.217391304347826,7.478260869565218,4.565217391304348,8.304347826086957,5.260869565217392,8.434782608695652,8.347826086956522,5.217391304347826,4.391304347826087,15,7,10,2,True
30078,2026-02-08 11:30:00,Bologna,Parma,0.0,1.0,1.2975835043851465,0.9667486479599883,8.304347826086957,5.0,7.521739130434782,3.347826086956522,6.217391304347826,4.913043478260869,9.26086956521739,5.434782608695652,8.782608695652174,6.869565217391305,5.217391304347826,4.130434782608695,9,7,0,5,True
30082,2026-02-08 14:00:00,Lecce,Udinese,2.0,1.0,0.8830360460795244,1.2158740563800468,5.260869565217392,4.739130434782608,8.956521739130435,4.043478260869565,6.782608695652174,5.173913043478261,7.913043478260869,4.521739130434782,6.586956521739131,7.869565217391305,4.630434782608695,4.608695652173913,8,8,2,4,True
30075,2026-02-08 17:00:00,Sassuolo,Inter,0.0,5.0,1.1880203515263645,1.7738034072736293,7.086956521739131,4.173913043478261,8.434782608695652,5.565217391304348,12.652173913043478,5.565217391304348,4.782608695652174,3.6956521739130435,5.934782608695652,10.543478260869566,3.9347826086956523,5.565217391304348,5,2,16,7,True
30081,2026-02-08 19:45:00,Juventus,Lazio,2.0,2.0,1.4516396462785557,0.9274863239849649,9.782608695652174,6.3478260869565215,5.565217391304348,4.434782608695652,6.478260869565218,4.565217391304348,8.26086956521739,4.956521739130435,9.021739130434781,6.021739130434783,5.6521739130434785,4.5,19,15,6,3,True
30077,2026-02-09 17:30:00,Atalanta,Cremonese,2.0,1.0,1.2576591451109889,0.8936280549988659,8.869565217391305,5.304347826086956,7.3478260869565215,4.391304347826087,4.956521739130435,3.652173913043478,10.391304347826088,6.043478260869565,9.630434782608695,6.1521739130434785,5.673913043478261,4.021739130434782,21,8,7,5,True
30076,2026-02-09 19:45:00,Roma,Cagliari,2.0,0.0,1.1930489587139204,0.9123954697151457,9.130434782608695,4.434782608695652,5.695652173913044,4.173913043478261,6.0,4.217391304347826,8.652173913043478,4.695652173913044,8.891304347826086,5.8478260869565215,4.565217391304348,4.195652173913043,15,0,2,1,True
30091,2026-02-13 19:45:00,Pisa,Milan,1.0,2.0,1.0014818688981868,1.7008556061719537,7.833333333333333,2.6666666666666665,10.083333333333334,5.458333333333333,9.391304347826088,4.130434782608695,6.608695652173913,4.565217391304348,7.221014492753623,9.73731884057971,3.615942028985507,4.794384057971014,3,4,6,1,True
30085,2026-02-14 14:00:00,Como,Fiorentina,1.0,2.0,1.4105978260869565,0.9196506611385029,8.91304347826087,5.695652173913044,6.3478260869565215,3.4782608695652173,8.833333333333334,5.25,9.25,4.125,9.081521739130434,7.590579710144928,4.9103260869565215,4.364130434782608,12,4,4,4,True
30088,2026-02-14 17:00:00,Lazio,Atalanta,0.0,2.0,1.1485131396957122,1.139540283048236,6.458333333333333,4.5,8.708333333333334,5.375,9.375,5.416666666666667,7.333333333333333,4.416666666666667,6.895833333333333,9.041666666666668,4.458333333333334,5.395833333333334,11,7,5,7,True
30087,2026-02-14 19:45:00,Inter,Juventus,3.0,2.0,1.793904958677686,1.2069828834652863,12.791666666666666,5.625,4.791666666666667,3.625,10.166666666666666,6.708333333333333,5.583333333333333,4.375,9.1875,7.479166666666666,5.0,5.166666666666666,11,10,8,3,True
30093,2026-02-15 11:30:00,Udinese,Sassuolo,1.0,2.0,1.1715534979423867,1.3071133199171392,6.583333333333333,5.125,7.916666666666667,4.666666666666667,7.0,4.083333333333333,8.75,5.625,7.666666666666666,7.458333333333334,5.375,4.375,5,3,8,2,True
30086,2026-02-15 14:00:00,Cremonese,Genoa,0.0,0.0,1.0471311475409837,1.291317674610828,5.041666666666667,3.7083333333333335,10.833333333333334,6.125,7.0,4.333333333333333,8.75,4.666666666666667,6.895833333333334,8.916666666666668,4.1875,5.229166666666666,13,6,13,6,True
30090,2026-02-15 14:00:00,Parma,Verona,2.0,1.0,0.9404761904761905,0.9965861344537815,5.958333333333333,4.916666666666667,9.25,5.5,6.416666666666667,4.75,7.416666666666667,5.916666666666667,6.6875,7.833333333333334,5.416666666666667,5.125,11,15,2,2,True
30092,2026-02-15 17:00:00,Torino,Bologna,1.0,2.0,1.1077235772357723,1.5546282323191125,7.583333333333333,4.458333333333333,8.583333333333334,5.333333333333333,8.333333333333334,5.083333333333333,7.208333333333333,3.4166666666666665,7.395833333333333,8.458333333333334,3.9375,5.208333333333333,4,4,10,4,True
30089,2026-02-15 19:45:00,Napoli,Roma,2.0,2.0,1.3582995951417005,1.0837720128601829,8.375,4.833333333333333,5.875,5.166666666666667,9.375,4.25,5.541666666666667,4.041666666666667,6.958333333333334,7.625,4.4375,4.708333333333334,7,4,6,3,True
30084,2026-02-16 19:45:00,Cagliari,Lecce,0.0,2.0,1.193212365591398,0.9810758797653959,5.833333333333333,4.083333333333333,8.916666666666666,4.5,5.375,4.875,8.666666666666666,4.041666666666667,7.25,7.145833333333333,4.0625,4.6875,9,2,11,2,True
30083,2026-02-18 19:45:00,Milan,Como,1.0,1.0,1.4427710843373496,1.1316168711088173,9.25,4.0,6.458333333333333,4.541666666666667,9.041666666666666,5.625,6.25,3.5,7.75,7.75,3.75,5.083333333333334,5,1,7,3,True
30103,2026-02-20 19:45:00,Sassuolo,Verona,3.0,0.0,1.189,1.062890804597701,7.04,4.0,8.6,5.52,6.24,4.64,7.56,6.28,7.3,7.42,5.140000000000001,5.08,7,1,7,5,True
30099,2026-02-21 14:00:00,Juventus,Como,0.0,2.0,1.4695617529880478,1.2190906804155928,10.08,6.56,5.8,4.6,8.96,5.52,6.2,3.4,8.14,7.380000000000001,4.9799999999999995,5.06,7,4,6,5,True
30100,2026-02-21 17:00:00,Lecce,Inter,0.0,2.0,0.9491269841269839,1.8252735897833616,5.6,4.76,8.68,3.96,12.72,5.8,4.92,3.6,5.26,10.7,4.18,4.88,1,2,18,6,True
30096,2026-02-21 19:45:00,Cagliari,Lazio,0.0,0.0,1.1686956521739131,1.2133478260869563,5.96,4.0,9.0,4.4,6.64,4.6,8.56,5.44,7.26,7.82,4.720000000000001,4.5,7,4,6,4,True
30098,2026-02-22 11:30:00,Genoa,Torino,3.0,0.0,1.186299212598425,1.2282794764290828,7.24,4.4,8.92,4.72,7.44,4.44,8.64,5.28,7.94,8.18,4.84,4.58,12,4,4,3,True
30094,2026-02-22 14:00:00,Atalanta,Napoli,2.0,1.0,1.2868627450980392,1.1564232950045932,9.2,5.48,7.48,4.52,8.32,4.8,5.88,5.08,7.539999999999999,7.9,5.28,4.66,8,2,6,4,True
30101,2026-02-22 17:00:00,Milan,Parma,0.0,1.0,1.4274218749999998,0.7863180114549839,9.08,3.88,6.48,4.48,6.16,5.32,8.96,5.36,9.02,6.32,4.62,4.9,17,8,5,4,True
30102,2026-02-22 19:45:00,Roma,Cremonese,3.0,0.0,1.2260311284046692,0.7839009574607616,9.24,4.2,5.6,4.04,5.36,3.8,10.92,6.12,10.08,5.48,5.16,3.92,19,4,1,1,True
30097,2026-02-23 17:30:00,Fiorentina,Pisa,1.0,0.0,1.1865891472868215,1.1504702924932513,8.64,5.2,9.36,4.12,7.64,2.72,9.92,5.28,9.280000000000001,8.5,5.24,3.42,3,12,5,2,True
30095,2026-02-23 19:45:00,Bologna,Udinese,1.0,0.0,1.285212355212355,1.1987005954690164,8.4,5.04,7.08,3.44,6.52,5.04,7.92,4.56,8.16,6.8,4.8,4.24,6,5,6,4,True
30106,2026-02-27 19:45:00,Parma,Cagliari,1.0,1.0,0.9692307692307691,1.135031847133758,6.115384615384615,5.269230769230769,9.26923076923077,5.461538461538462,6.0,4.0,8.884615384615385,4.384615384615385,7.5,7.634615384615385,4.826923076923077,4.730769230769231,10,8,6,5,True
30113,2026-02-28 14:00:00,Como,Lecce,3.0,1.0,1.3919098143236073,0.746853047483021,8.846153846153847,5.5,6.230769230769231,3.423076923076923,5.423076923076923,4.653846153846154,9.038461538461538,4.038461538461538,8.942307692307693,5.826923076923077,4.769230769230769,4.038461538461538,12,0,1,4,True
30109,2026-02-28 17:00:00,Verona,Napoli,1.0,2.0,0.970346447445684,1.6681385234073849,6.269230769230769,4.653846153846154,7.538461538461538,6.076923076923077,8.23076923076923,4.769230769230769,5.961538461538462,4.961538461538462,6.115384615384615,7.884615384615384,4.807692307692308,5.423076923076923,4,4,5,3,True
30105,2026-02-28 19:45:00,Inter,Genoa,2.0,0.0,1.7978210002924833,1.0175869420475354,12.923076923076923,5.8076923076923075,4.769230769230769,3.5384615384615383,7.423076923076923,4.384615384615385,8.73076923076923,4.653846153846154,10.826923076923077,6.096153846153847,5.230769230769231,3.9615384615384617,12,2,3,3,True
30104,2026-03-01 11:30:00,Cremonese,Milan,0.0,2.0,1.0089597902097902,1.4939790200319725,5.1923076923076925,3.6923076923076925,11.23076923076923,6.038461538461538,9.384615384615385,4.038461538461538,6.423076923076923,4.461538461538462,5.807692307692308,10.307692307692307,4.076923076923077,5.038461538461538,9,6,14,6,True
30112,2026-03-01 14:00:00,Sassuolo,Atalanta,2.0,1.0,1.2201015965166908,1.3703354404132628,7.038461538461538,3.8846153846153846,8.538461538461538,5.5,9.153846153846153,5.346153846153846,7.423076923076923,4.5,7.230769230769231,8.846153846153847,4.1923076923076925,5.423076923076923,6,1,19,7,True
30111,2026-03-01 17:00:00,Torino,Lazio,2.0,0.0,1.0860323886639676,1.3778824150677695,7.3076923076923075,4.384615384615385,8.76923076923077,5.230769230769231,6.615384615384615,4.576923076923077,8.5,5.384615384615385,7.903846153846153,7.6923076923076925,4.884615384615385,4.903846153846153,8,5,7,5,True
30108,2026-03-01 19:45:00,Roma,Juventus,3.0,3.0,1.258715067703832,1.080066951845211,9.615384615384615,4.1923076923076925,5.423076923076923,3.923076923076923,9.961538461538462,6.461538461538462,5.8076923076923075,4.615384615384615,7.711538461538462,7.6923076923076925,4.403846153846153,5.1923076923076925,10,1,5,8,True
30107,2026-03-02 17:30:00,Pisa,Bologna,0.0,1.0,0.9928243398392653,1.5116633769476209,7.538461538461538,2.6923076923076925,9.653846153846153,5.538461538461538,8.307692307692308,5.038461538461538,7.038461538461538,3.4615384615384617,7.288461538461538,8.98076923076923,3.076923076923077,5.288461538461538,4,2,6,2,True
30110,2026-03-02 19:45:00,Udinese,Fiorentina,3.0,0.0,1.145338861881613,1.323390952910414,6.5,5.0,7.846153846153846,4.576923076923077,8.423076923076923,5.461538461538462,9.192307692307692,4.038461538461538,7.846153846153846,8.134615384615385,4.519230769230769,5.019230769230769,8,2,5,5,True
30114,2026-03-06 19:45:00,Napoli,Torino,2.0,1.0,1.3666666666666667,1.0263775971093043,8.11111111111111,4.703703703703703,5.888888888888889,4.925925925925926,7.333333333333333,4.407407407407407,8.703703703703704,5.222222222222222,8.407407407407408,6.611111111111111,4.962962962962963,4.666666666666666,8,6,3,4,True
30116,2026-03-07 14:00:00,Cagliari,Como,1.0,2.0,1.1449706163728304,1.4914749857749798,6.0,4.037037037037037,8.925925925925926,4.518518518518518,8.962962962962964,5.296296296296297,6.037037037037037,3.4444444444444446,6.018518518518519,8.944444444444445,3.740740740740741,4.907407407407407,4,4,4,4,True
30115,2026-03-07 17:00:00,Atalanta,Udinese,2.0,2.0,1.2936410675381262,1.023152387610148,9.518518518518519,5.407407407407407,7.37037037037037,4.37037037037037,6.555555555555555,4.888888888888889,7.7407407407407405,4.592592592592593,8.62962962962963,6.962962962962963,5.0,4.62962962962963,13,9,5,3,True
30119,2026-03-07 19:45:00,Juventus,Pisa,4.0,0.0,1.4617419617419618,0.9068308913987926,9.777777777777779,6.518518518518518,5.962962962962963,4.481481481481482,7.407407407407407,2.6666666666666665,9.518518518518519,5.407407407407407,9.648148148148149,6.685185185185185,5.962962962962963,3.5740740740740744,18,7,6,1,True
30121,2026-03-08 11:30:00,Lecce,Cremonese,2.0,1.0,0.9446472019464719,1.0454855689113234,5.2592592592592595,4.62962962962963,9.148148148148149,3.888888888888889,5.333333333333333,3.7777777777777777,11.333333333333334,6.037037037037037,8.296296296296298,7.2407407407407405,5.333333333333334,3.833333333333333,7,2,8,2,True
30117,2026-03-08 14:00:00,Fiorentina,Parma,0.0,0.0,1.1673737373737374,1.1154010163825252,8.296296296296296,5.444444444444445,9.148148148148149,3.962962962962963,6.2592592592592595,5.37037037037037,9.148148148148149,5.444444444444445,8.722222222222221,7.703703703703704,5.444444444444445,4.666666666666666,8,4,2,6,True
30123,2026-03-08 14:00:00,Bologna,Verona,1.0,2.0,1.2762681159420288,0.9663004280723358,8.222222222222221,4.925925925925926,6.925925925925926,3.4074074074074074,6.185185185185185,4.62962962962963,7.444444444444445,5.962962962962963,7.833333333333333,6.555555555555555,5.444444444444445,4.018518518518519,10,9,9,6,True
30118,2026-03-08 17:00:00,Genoa,Roma,2.0,1.0,1.20270089584169,1.4143054969870053,7.2592592592592595,4.333333333333333,8.851851851851851,4.555555555555555,9.62962962962963,4.074074074074074,5.407407407407407,4.074074074074074,6.333333333333334,9.24074074074074,4.203703703703704,4.314814814814815,8,3,6,1,True
30122,2026-03-08 19:45:00,Milan,Inter,1.0,0.0,1.4069078070876633,1.4425244118965086,9.555555555555555,4.111111111111111,6.518518518518518,4.518518518518518,12.88888888888889,5.666666666666667,4.703703703703703,3.5185185185185186,7.12962962962963,9.703703703703704,3.814814814814815,5.092592592592593,6,3,7,4,True
30120,2026-03-09 19:45:00,Lazio,Sassuolo,2.0,1.0,1.090800477897252,1.1278076463560334,6.62962962962963,4.592592592592593,8.481481481481481,5.37037037037037,7.0,3.7777777777777777,8.925925925925926,5.555555555555555,7.777777777777778,7.7407407407407405,5.074074074074074,4.574074074074074,9,4,5,2,True
30131,2026-03-13 19:45:00,Torino,Parma,4.0,1.0,1.1098214285714287,1.1772046904413305,7.178571428571429,4.392857142857143,8.678571428571429,5.25,6.107142857142857,5.392857142857143,9.107142857142858,5.392857142857143,8.142857142857142,7.392857142857142,4.892857142857143,5.321428571428571,7,8,4,3,True
30126,2026-03-14 14:00:00,Inter,Atalanta,1.0,1.0,1.7549567869852567,1.0741832018694673,12.678571428571429,5.607142857142857,4.75,3.5,9.642857142857142,5.535714285714286,7.285714285714286,4.321428571428571,9.982142857142858,7.196428571428571,4.9642857142857135,4.517857142857142,11,5,5,3,True
30128,2026-03-14 17:00:00,Napoli,Lecce,2.0,1.0,1.3795592705167175,0.8945267514961583,8.107142857142858,4.75,5.785714285714286,4.892857142857143,5.321428571428571,4.535714285714286,9.107142857142858,3.8214285714285716,8.607142857142858,5.553571428571429,4.285714285714286,4.714285714285714,7,5,8,4,True
30132,2026-03-14 19:45:00,Udinese,Juventus,0.0,1.0,1.2014765270065624,1.6524967374556325,6.5,4.821428571428571,7.928571428571429,4.75,10.071428571428571,6.535714285714286,5.964285714285714,4.357142857142857,6.232142857142858,9.0,4.5892857142857135,5.642857142857142,4,6,16,6,True
30133,2026-03-15 11:30:00,Verona,Genoa,0.0,2.0,1.0037726358148893,1.4813274459436736,6.285714285714286,4.678571428571429,7.535714285714286,6.071428571428571,7.285714285714286,4.285714285714286,8.75,4.428571428571429,7.517857142857142,7.410714285714286,4.553571428571429,5.178571428571429,3,5,7,4,True
30129,2026-03-15 14:00:00,Pisa,Cagliari,3.0,1.0,0.9676691729323307,1.377747323974962,7.357142857142857,2.607142857142857,9.821428571428571,5.464285714285714,5.928571428571429,4.035714285714286,8.75,4.5,8.053571428571429,7.875,3.553571428571429,4.75,8,2,9,5,True
30130,2026-03-15 14:00:00,Sassuolo,Bologna,0.0,1.0,1.2368881118881119,1.3419462425329773,6.928571428571429,3.7142857142857144,8.928571428571429,5.5,8.285714285714286,5.071428571428571,7.0,3.5,6.964285714285714,8.607142857142858,3.607142857142857,5.285714285714286,6,3,7,9,True
30124,2026-03-15 17:00:00,Como,Roma,2.0,1.0,1.4320557491289199,1.040462355917629,8.785714285714286,5.25,5.964285714285714,3.4642857142857144,9.5,3.9642857142857144,5.5,4.035714285714286,7.142857142857143,7.732142857142858,4.642857142857142,3.7142857142857144,15,7,2,1,True
30127,2026-03-15 19:45:00,Lazio,Milan,1.0,0.0,1.1111111111111112,1.2698412698412698,6.714285714285714,4.571428571428571,8.357142857142858,5.25,9.428571428571429,4.071428571428571,6.535714285714286,4.5,6.625,8.892857142857142,4.535714285714286,4.660714285714286,2,5,12,5,True
30125,2026-03-16 19:45:00,Cremonese,Fiorentina,1.0,4.0,1.0027187345526445,1.2436520290218716,5.428571428571429,3.7142857142857144,11.178571428571429,5.892857142857143,8.285714285714286,5.392857142857143,8.892857142857142,4.035714285714286,7.160714285714286,9.732142857142858,3.875,5.642857142857143,10,3,8,5,True
30136,2026-03-20 17:30:00,Cagliari,Napoli,0.0,1.0,1.146551724137931,1.4954468188440988,6.0344827586206895,4.068965517241379,8.724137931034482,4.413793103448276,8.068965517241379,4.758620689655173,5.862068965517241,4.862068965517241,5.948275862068965,8.39655172413793,4.46551724137931,4.586206896551724,4,3,8,9,True
30139,2026-03-20 19:45:00,Genoa,Udinese,0.0,2.0,1.231514397440455,1.2559196033319768,7.275862068965517,4.275862068965517,8.551724137931034,4.448275862068965,6.413793103448276,4.862068965517241,8.206896551724139,4.793103448275862,7.741379310344827,7.482758620689655,4.5344827586206895,4.655172413793103,8,10,4,2,True
30142,2026-03-21 14:00:00,Parma,Cremonese,0.0,2.0,0.9725141709966934,1.0154466064219783,6.0344827586206895,5.310344827586207,9.03448275862069,5.482758620689655,5.586206896551724,3.689655172413793,11.068965517241379,5.862068965517241,8.551724137931034,7.310344827586207,5.586206896551724,4.586206896551724,3,5,4,3,True
30141,2026-03-21 17:00:00,Milan,Torino,3.0,2.0,1.368688949040838,0.9256518591690641,9.517241379310345,4.103448275862069,6.379310344827586,4.517241379310345,7.172413793103448,4.517241379310345,8.517241379310345,5.172413793103448,9.017241379310345,6.775862068965518,4.637931034482759,4.517241379310345,9,6,11,7,True
30140,2026-03-21 19:45:00,Juventus,Sassuolo,1.0,1.0,1.4915552427867698,1.0871371140608443,10.275862068965518,6.517241379310345,5.896551724137931,4.413793103448276,6.896551724137931,3.689655172413793,8.862068965517242,5.620689655172414,9.56896551724138,6.396551724137931,6.068965517241379,4.051724137931035,14,4,6,1,True
30137,2026-03-22 11:30:00,Como,Pisa,5.0,0.0,1.4394506136762129,0.8167794996767334,9.0,5.310344827586207,5.827586206896552,3.3793103448275863,7.379310344827586,2.586206896551724,9.793103448275861,5.448275862068965,9.39655172413793,6.603448275862069,5.379310344827586,2.9827586206896552,13,1,4,3,True
30134,2026-03-22 14:00:00,Atalanta,Verona,1.0,0.0,1.3036754426840633,0.8732103094870808,9.482758620689655,5.448275862068965,7.413793103448276,4.344827586206897,6.172413793103448,4.689655172413793,7.517241379310345,6.0,8.5,6.793103448275862,5.724137931034482,4.517241379310345,8,4,5,7,True
30135,2026-03-22 14:00:00,Bologna,Lazio,0.0,2.0,1.267967026587716,1.0886538429641879,8.241379310344827,5.206896551724138,6.9655172413793105,3.4827586206896552,6.551724137931035,4.586206896551724,8.482758620689655,5.241379310344827,8.362068965517242,6.758620689655173,5.224137931034482,4.0344827586206895,10,5,5,4,True
30143,2026-03-22 17:00:00,Roma,Lecce,1.0,0.0,1.2848299004859987,0.8027418604770652,9.241379310344827,3.8620689655172415,5.827586206896552,4.137931034482759,5.413793103448276,4.517241379310345,9.03448275862069,3.8620689655172415,9.137931034482758,5.620689655172414,3.8620689655172415,4.327586206896552,12,2,5,3,True
30138,2026-03-22 19:45:00,Fiorentina,Inter,1.0,1.0,1.1974109099296504,1.9163245358908936,8.275862068965518,5.379310344827586,8.931034482758621,4.0,12.620689655172415,5.586206896551724,4.758620689655173,3.4827586206896552,6.517241379310345,10.775862068965518,4.431034482758621,4.793103448275862,9,7,11,1,True
30151,2026-04-04 13:00:00,Sassuolo,Cagliari,2.0,1.0,1.2108333333333334,1.1790296725784446,6.866666666666666,3.6,9.033333333333333,5.566666666666666,5.966666666666667,4.033333333333333,8.7,4.566666666666666,7.783333333333333,7.5,4.083333333333333,4.8,5,4,8,3,True
30153,2026-04-04 16:00:00,Verona,Fiorentina,0.0,1.0,0.9779623477297897,1.4441593139615134,6.133333333333334,4.766666666666667,7.533333333333333,5.933333333333334,8.3,5.433333333333334,9.0,3.9,7.566666666666666,7.916666666666667,4.333333333333333,5.683333333333334,8,13,2,3,True
30147,2026-04-04 18:45:00,Lazio,Parma,1.0,1.0,1.126766004415011,0.8472409850207122,6.5,4.566666666666666,8.533333333333333,5.233333333333333,5.933333333333334,5.3,8.866666666666667,5.4,7.683333333333334,7.233333333333333,4.983333333333333,5.266666666666667,5,2,4,3,True
30144,2026-04-05 13:00:00,Cremonese,Bologna,1.0,2.0,1.0264026402640265,1.369058334114873,5.533333333333333,3.6666666666666665,10.8,5.833333333333333,8.3,5.2,6.9,3.5,6.216666666666667,9.55,3.583333333333333,5.516666666666667,6,3,10,4,True
30150,2026-04-05 16:00:00,Pisa,Torino,0.0,1.0,0.9935307017543861,1.4563295916678487,7.266666666666667,2.6,9.9,5.3,7.3,4.6,8.533333333333333,5.2,7.9,8.6,3.9000000000000004,4.949999999999999,5,2,7,6,True
30145,2026-04-05 18:45:00,Inter,Roma,5.0,2.0,1.709016393442623,1.0567737866719618,12.566666666666666,5.433333333333334,4.9,3.6,9.333333333333334,3.8,5.8,4.1,9.183333333333334,7.116666666666667,4.766666666666667,3.7,13,4,6,3,True
30152,2026-04-06 10:30:00,Udinese,Como,0.0,0.0,1.1960784313725492,1.6025992156862743,6.333333333333333,4.766666666666667,8.2,4.966666666666667,9.133333333333333,5.166666666666667,5.766666666666667,3.3666666666666667,6.05,8.666666666666666,4.066666666666666,5.066666666666666,11,3,7,5,True
30148,2026-04-06 13:00:00,Lecce,Atalanta,0.0,3.0,0.9607491856677526,1.3533227409820243,5.4,4.466666666666667,9.133333333333333,3.8,9.433333333333334,5.4,7.333333333333333,4.433333333333334,6.366666666666667,9.283333333333333,4.45,4.6,5,6,13,3,True
30146,2026-04-06 16:00:00,Juventus,Genoa,2.0,0.0,1.4778679653679654,1.084505031820769,10.4,6.433333333333334,5.9,4.3,7.3,4.466666666666667,8.4,4.366666666666666,9.4,6.6,5.4,4.383333333333333,10,6,5,7,True
30149,2026-04-06 18:45:00,Napoli,Milan,1.0,0.0,1.3775080906148869,1.267683405130843,8.066666666666666,4.9,5.8,4.8,9.5,4.166666666666667,6.533333333333333,4.6,7.3,7.65,4.75,4.483333333333333,7,3,5,2,True
30162,2026-04-10 18:45:00,Roma,Pisa,3.0,0.0,1.2870967741935484,0.8535244922341697,9.225806451612904,3.774193548387097,6.032258064516129,4.096774193548387,7.193548387096774,2.5806451612903225,9.806451612903226,5.32258064516129,9.516129032258064,6.612903225806452,4.548387096774194,3.338709677419355,7,1,5,4,True
30163,2026-04-11 13:00:00,Torino,Verona,2.0,1.0,1.174644746395602,1.1584816426785656,7.290322580645161,4.645161290322581,8.419354838709678,5.096774193548387,6.193548387096774,5.032258064516129,7.354838709677419,5.838709677419355,7.32258064516129,7.306451612903226,5.241935483870968,5.064516129032258,5,6,10,8,True
30156,2026-04-11 13:00:00,Cagliari,Cremonese,1.0,0.0,1.1267059553349876,1.1135139812153074,6.032258064516129,4.0,8.580645161290322,4.548387096774194,5.548387096774194,3.6451612903225805,10.774193548387096,5.774193548387097,8.403225806451612,7.064516129032258,4.887096774193548,4.096774193548387,9,8,4,1,True
30160,2026-04-11 16:00:00,Milan,Udinese,0.0,3.0,1.3674894362568277,0.959804632781537,9.35483870967742,4.096774193548387,6.548387096774194,4.548387096774194,6.483870967741935,4.709677419354839,8.161290322580646,4.967741935483871,8.758064516129032,6.516129032258064,4.532258064516129,4.629032258064516,14,7,8,4,True
30154,2026-04-11 18:45:00,Atalanta,Juventus,0.0,1.0,1.319550030819807,1.2691224640803758,9.548387096774194,5.32258064516129,7.258064516129032,4.483870967741935,10.387096774193548,6.419354838709677,5.870967741935484,4.387096774193548,7.709677419354839,8.82258064516129,4.854838709677419,5.451612903225806,14,8,5,2,True
30159,2026-04-12 10:30:00,Genoa,Sassuolo,2.0,1.0,1.1893753200204813,1.3229266602910759,7.225806451612903,4.548387096774194,8.451612903225806,4.419354838709677,6.806451612903226,3.6129032258064515,9.0,5.483870967741935,8.112903225806452,7.629032258064516,5.016129032258064,4.016129032258064,6,8,9,6,True
30161,2026-04-12 13:00:00,Parma,Napoli,1.0,1.0,0.9640159248672928,1.3895231319675465,5.870967741935484,5.225806451612903,8.741935483870968,5.290322580645161,8.03225806451613,4.838709677419355,5.774193548387097,4.709677419354839,5.82258064516129,8.387096774193548,4.967741935483871,5.064516129032258,1,2,16,4,True
30155,2026-04-12 16:00:00,Bologna,Lecce,2.0,0.0,1.2539940978935586,0.9381589161727366,8.35483870967742,5.161290322580645,6.870967741935484,3.4838709677419355,5.387096774193548,4.516129032258065,9.258064516129032,3.774193548387097,8.806451612903226,6.129032258064516,4.467741935483871,4.0,9,3,2,4,True
30157,2026-04-12 18:45:00,Como,Inter,3.0,4.0,1.4633292757151553,1.3881432736455568,9.064516129032258,5.161290322580645,5.935483870967742,3.3548387096774195,12.580645161290322,5.387096774193548,4.935483870967742,3.5806451612903225,7.0,9.258064516129032,4.370967741935484,4.370967741935484,16,8,5,2,True
30158,2026-04-13 18:45:00,Fiorentina,Lazio,1.0,0.0,1.192714126807564,1.2181565387155904,8.096774193548388,5.354838709677419,8.96774193548387,4.193548387096774,6.451612903225806,4.483870967741935,8.387096774193548,5.161290322580645,8.241935483870968,7.709677419354838,5.258064516129032,4.338709677419354,4,4,8,5,True
30170,2026-04-17 16:30:00,Sassuolo,Como,2.0,1.0,1.2203125,1.5600443574168796,6.875,3.6875,8.90625,5.5625,9.28125,5.25,5.90625,3.3125,6.390625,9.09375,3.5,5.40625,6,6,5,7,True
30164,2026-04-17 18:45:00,Inter,Cagliari,3.0,0.0,1.7832457165109035,0.9811412947602288,12.34375,5.28125,5.28125,3.71875,6.125,4.125,8.4375,4.4375,10.390625,5.703125,4.859375,3.921875,12,6,4,6,True
